Entidad,Fecha,Altura,Busquedas,Precipitacion,Temp,Casos
Mexico-Aguascalientes,07/01/2017,1926,0,0.4,13.8,0
Mexico-Aguascalientes,14/01/2017,1926,0,0.4,13.8,0
Mexico-Aguascalientes,21/01/2017,1926,14,0.4,13.8,0
Mexico-Aguascalientes,28/01/2017,1926,21,0.4,13.8,0
Mexico-Aguascalientes,04/02/2017,1926,14,2.1,14.7,0
Mexico-Aguascalientes,11/02/2017,1926,0,2.1,14.7,0
Mexico-Aguascalientes,18/02/2017,1926,14,2.1,14.7,0
Mexico-Aguascalientes,25/02/2017,1926,0,2.1,14.7,0
Mexico-Aguascalientes,04/03/2017,1926,0,6.7,17.9,0
Mexico-Aguascalientes,11/03/2017,1926,28,6.7,17.9,0
Mexico-Aguascalientes,18/03/2017,1926,23,6.7,17.9,0
Mexico-Aguascalientes,25/03/2017,1926,0,6.7,17.9,0
Mexico-Aguascalientes,01/04/2017,1926,0,0.4,18.8,0
Mexico-Aguascalientes,08/04/2017,1926,25,0.4,18.8,0
Mexico-Aguascalientes,15/04/2017,1926,26,0.4,18.8,0
Mexico-Aguascalientes,22/04/2017,1926,0,0.4,18.8,0
Mexico-Aguascalientes,29/04/2017,1926,0,0.4,18.8,0
Mexico-Aguascalientes,06/05/2017,1926,17,4.2,21.8,0
Mexico-Aguascalientes,13/05/2017,1926,0,4.2,21.8,0
Mexico-Aguascalientes,20/05/2017,1926,0,4.2,21.8,0
Mexico-Aguascalientes,27/05/2017,1926,14,4.2,21.8,0
Mexico-Aguascalientes,03/06/2017,1926,0,43.5,23.5,0
Mexico-Aguascalientes,10/06/2017,1926,43,43.5,23.5,0
Mexico-Aguascalientes,17/06/2017,1926,28,43.5,23.5,0
Mexico-Aguascalientes,24/06/2017,1926,15,43.5,23.5,0
Mexico-Aguascalientes,01/07/2017,1926,0,169.3,20.3,0
Mexico-Aguascalientes,08/07/2017,1926,0,169.3,20.3,0
Mexico-Aguascalientes,15/07/2017,1926,0,169.3,20.3,0
Mexico-Aguascalientes,22/07/2017,1926,9,169.3,20.3,0
Mexico-Aguascalientes,29/07/2017,1926,0,169.3,20.3,0
Mexico-Aguascalientes,05/08/2017,1926,0,143.8,21.3,0
Mexico-Aguascalientes,12/08/2017,1926,9,143.8,21.3,0
Mexico-Aguascalientes,19/08/2017,1926,10,143.8,21.3,0
Mexico-Aguascalientes,26/08/2017,1926,8,143.8,21.3,0
Mexico-Aguascalientes,02/09/2017,1926,9,159.5,20,0
Mexico-Aguascalientes,09/09/2017,1926,6,159.5,20,0
Mexico-Aguascalientes,16/09/2017,1926,0,159.5,20,0
Mexico-Aguascalientes,23/09/2017,1926,0,159.5,20,0
Mexico-Aguascalientes,30/09/2017,1926,0,159.5,20,0
Mexico-Aguascalientes,07/10/2017,1926,3,21.8,17.8,0
Mexico-Aguascalientes,14/10/2017,1926,0,21.8,17.8,0
Mexico-Aguascalientes,21/10/2017,1926,2,21.8,17.8,0
Mexico-Aguascalientes,28/10/2017,1926,4,21.8,17.8,0
Mexico-Aguascalientes,04/11/2017,1926,0,0.1,16.3,0
Mexico-Aguascalientes,11/11/2017,1926,2,0.1,16.3,0
Mexico-Aguascalientes,18/11/2017,1926,3,0.1,16.3,0
Mexico-Baja_California,07/01/2017,3070,3,53.6,13.7,0
Mexico-Baja_California,14/01/2017,3070,7,53.6,13.7,0
Mexico-Baja_California,21/01/2017,3070,6,53.6,13.7,1
Mexico-Baja_California,28/01/2017,3070,18,53.6,13.7,0
Mexico-Baja_California,04/02/2017,3070,10,44.9,15.5,0
Mexico-Baja_California,11/02/2017,3070,11,44.9,15.5,0
Mexico-Baja_California,18/02/2017,3070,14,44.9,15.5,0
Mexico-Baja_California,25/02/2017,3070,12,44.9,15.5,0
Mexico-Baja_California,04/03/2017,3070,6,1.4,19.2,0
Mexico-Baja_California,11/03/2017,3070,5,1.4,19.2,0
Mexico-Baja_California,18/03/2017,3070,13,1.4,19.2,0
Mexico-Baja_California,25/03/2017,3070,26,1.4,19.2,0
Mexico-Baja_California,01/04/2017,3070,8,0,20.4,0
Mexico-Baja_California,08/04/2017,3070,11,0,20.4,0
Mexico-Baja_California,15/04/2017,3070,15,0,20.4,1
Mexico-Baja_California,22/04/2017,3070,6,0,20.4,0
Mexico-Baja_California,29/04/2017,3070,7,0,20.4,0
Mexico-Baja_California,06/05/2017,3070,12,7.9,22.7,0
Mexico-Baja_California,13/05/2017,3070,9,7.9,22.7,0
Mexico-Baja_California,20/05/2017,3070,6,7.9,22.7,0
Mexico-Baja_California,27/05/2017,3070,8,7.9,22.7,1
Mexico-Baja_California,03/06/2017,3070,6,0.2,26.4,0
Mexico-Baja_California,10/06/2017,3070,0,0.2,26.4,0
Mexico-Baja_California,17/06/2017,3070,6,0.2,26.4,0
Mexico-Baja_California,24/06/2017,3070,4,0.2,26.4,0
Mexico-Baja_California,01/07/2017,3070,4,2.9,29.3,0
Mexico-Baja_California,08/07/2017,3070,5,2.9,29.3,0
Mexico-Baja_California,15/07/2017,3070,7,2.9,29.3,0
Mexico-Baja_California,22/07/2017,3070,4,2.9,29.3,0
Mexico-Baja_California,29/07/2017,3070,3,2.9,29.3,0
Mexico-Baja_California,05/08/2017,3070,6,7.1,29,0
Mexico-Baja_California,12/08/2017,3070,4,7.1,29,0
Mexico-Baja_California,19/08/2017,3070,6,7.1,29,0
Mexico-Baja_California,26/08/2017,3070,4,7.1,29,0
Mexico-Baja_California,02/09/2017,3070,7,9.6,25.5,0
Mexico-Baja_California,09/09/2017,3070,6,9.6,25.5,0
Mexico-Baja_California,16/09/2017,3070,3,9.6,25.5,1
Mexico-Baja_California,23/09/2017,3070,3,9.6,25.5,0
Mexico-Baja_California,30/09/2017,3070,3,9.6,25.5,0
Mexico-Baja_California,07/10/2017,3070,4,0,23.2,0
Mexico-Baja_California,14/10/2017,3070,2,0,23.2,0
Mexico-Baja_California,21/10/2017,3070,0,0,23.2,0
Mexico-Baja_California,28/10/2017,3070,0,0,23.2,0
Mexico-Baja_California,04/11/2017,3070,1,1.4,19.2,0
Mexico-Baja_California,11/11/2017,3070,2,1.4,19.2,0
Mexico-Baja_California,18/11/2017,3070,2,1.4,19.2,0
Mexico-Baja_California_Sur,07/01/2017,239,45,8.4,17.8,0
Mexico-Baja_California_Sur,14/01/2017,239,53,8.4,17.8,0
Mexico-Baja_California_Sur,21/01/2017,239,63,8.4,17.8,0
Mexico-Baja_California_Sur,28/01/2017,239,33,8.4,17.8,0
Mexico-Baja_California_Sur,04/02/2017,239,44,18.4,19.3,0
Mexico-Baja_California_Sur,11/02/2017,239,30,18.4,19.3,0
Mexico-Baja_California_Sur,18/02/2017,239,54,18.4,19.3,0
Mexico-Baja_California_Sur,25/02/2017,239,100,18.4,19.3,0
Mexico-Baja_California_Sur,04/03/2017,239,29,0.5,21.8,0
Mexico-Baja_California_Sur,11/03/2017,239,58,0.5,21.8,0
Mexico-Baja_California_Sur,18/03/2017,239,0,0.5,21.8,0
Mexico-Baja_California_Sur,25/03/2017,239,30,0.5,21.8,0
Mexico-Baja_California_Sur,01/04/2017,239,32,0.1,23.1,0
Mexico-Baja_California_Sur,08/04/2017,239,39,0.1,23.1,0
Mexico-Baja_California_Sur,15/04/2017,239,60,0.1,23.1,0
Mexico-Baja_California_Sur,22/04/2017,239,46,0.1,23.1,0
Mexico-Baja_California_Sur,29/04/2017,239,31,0.1,23.1,0
Mexico-Baja_California_Sur,06/05/2017,239,0,1.6,23.7,0
Mexico-Baja_California_Sur,13/05/2017,239,100,1.6,23.7,0
Mexico-Baja_California_Sur,20/05/2017,239,31,1.6,23.7,0
Mexico-Baja_California_Sur,27/05/2017,239,35,1.6,23.7,0
Mexico-Baja_California_Sur,03/06/2017,239,20,1.9,26.6,0
Mexico-Baja_California_Sur,10/06/2017,239,35,1.9,26.6,0
Mexico-Baja_California_Sur,17/06/2017,239,46,1.9,26.6,0
Mexico-Baja_California_Sur,24/06/2017,239,46,1.9,26.6,0
Mexico-Baja_California_Sur,01/07/2017,239,37,12.1,29.8,0
Mexico-Baja_California_Sur,08/07/2017,239,0,12.1,29.8,0
Mexico-Baja_California_Sur,15/07/2017,239,49,12.1,29.8,0
Mexico-Baja_California_Sur,22/07/2017,239,14,12.1,29.8,0
Mexico-Baja_California_Sur,29/07/2017,239,17,12.1,29.8,0
Mexico-Baja_California_Sur,05/08/2017,239,25,68.3,30.8,0
Mexico-Baja_California_Sur,12/08/2017,239,0,68.3,30.8,0
Mexico-Baja_California_Sur,19/08/2017,239,17,68.3,30.8,0
Mexico-Baja_California_Sur,26/08/2017,239,0,68.3,30.8,1
Mexico-Baja_California_Sur,02/09/2017,239,25,59,28.3,1
Mexico-Baja_California_Sur,09/09/2017,239,37,59,28.3,0
Mexico-Baja_California_Sur,16/09/2017,239,15,59,28.3,2
Mexico-Baja_California_Sur,23/09/2017,239,8,59,28.3,0
Mexico-Baja_California_Sur,30/09/2017,239,11,59,28.3,1
Mexico-Baja_California_Sur,07/10/2017,239,6,0.6,28,0
Mexico-Baja_California_Sur,14/10/2017,239,4,0.6,28,0
Mexico-Baja_California_Sur,21/10/2017,239,6,0.6,28,0
Mexico-Baja_California_Sur,28/10/2017,239,11,0.6,28,0
Mexico-Baja_California_Sur,04/11/2017,239,3,0.2,24.3,3
Mexico-Baja_California_Sur,11/11/2017,239,15,0.2,24.3,3
Mexico-Baja_California_Sur,18/11/2017,239,4,0.2,24.3,2
Mexico-Campeche,07/01/2017,390,48,16.1,25.5,0
Mexico-Campeche,14/01/2017,390,0,16.1,25.5,0
Mexico-Campeche,21/01/2017,390,56,16.1,25.5,0
Mexico-Campeche,28/01/2017,390,42,16.1,25.5,0
Mexico-Campeche,04/02/2017,390,30,6.9,26.7,0
Mexico-Campeche,11/02/2017,390,41,6.9,26.7,0
Mexico-Campeche,18/02/2017,390,30,6.9,26.7,0
Mexico-Campeche,25/02/2017,390,49,6.9,26.7,0
Mexico-Campeche,04/03/2017,390,79,9.1,27.4,0
Mexico-Campeche,11/03/2017,390,0,9.1,27.4,0
Mexico-Campeche,18/03/2017,390,0,9.1,27.4,0
Mexico-Campeche,25/03/2017,390,82,9.1,27.4,0
Mexico-Campeche,01/04/2017,390,15,65.1,29.5,0
Mexico-Campeche,08/04/2017,390,0,65.1,29.5,0
Mexico-Campeche,15/04/2017,390,0,65.1,29.5,0
Mexico-Campeche,22/04/2017,390,0,65.1,29.5,0
Mexico-Campeche,29/04/2017,390,22,65.1,29.5,0
Mexico-Campeche,06/05/2017,390,0,49.7,30.8,0
Mexico-Campeche,13/05/2017,390,0,49.7,30.8,0
Mexico-Campeche,20/05/2017,390,0,49.7,30.8,0
Mexico-Campeche,27/05/2017,390,0,49.7,30.8,0
Mexico-Campeche,03/06/2017,390,26,363.6,29.3,0
Mexico-Campeche,10/06/2017,390,46,363.6,29.3,0
Mexico-Campeche,17/06/2017,390,58,363.6,29.3,0
Mexico-Campeche,24/06/2017,390,60,363.6,29.3,1
Mexico-Campeche,01/07/2017,390,0,169.2,29,0
Mexico-Campeche,08/07/2017,390,23,169.2,29,0
Mexico-Campeche,15/07/2017,390,33,169.2,29,0
Mexico-Campeche,22/07/2017,390,20,169.2,29,0
Mexico-Campeche,29/07/2017,390,23,169.2,29,0
Mexico-Campeche,05/08/2017,390,0,202.8,29.4,0
Mexico-Campeche,12/08/2017,390,41,202.8,29.4,0
Mexico-Campeche,19/08/2017,390,21,202.8,29.4,0
Mexico-Campeche,26/08/2017,390,0,202.8,29.4,0
Mexico-Campeche,02/09/2017,390,0,229.8,29,0
Mexico-Campeche,09/09/2017,390,12,229.8,29,0
Mexico-Campeche,16/09/2017,390,0,229.8,29,0
Mexico-Campeche,23/09/2017,390,10,229.8,29,1
Mexico-Campeche,30/09/2017,390,0,229.8,29,0
Mexico-Campeche,07/10/2017,390,0,221.7,27.2,0
Mexico-Campeche,14/10/2017,390,0,221.7,27.2,0
Mexico-Campeche,21/10/2017,390,5,221.7,27.2,0
Mexico-Campeche,28/10/2017,390,0,221.7,27.2,0
Mexico-Campeche,04/11/2017,390,4,33.4,25,0
Mexico-Campeche,11/11/2017,390,5,33.4,25,0
Mexico-Campeche,18/11/2017,390,5,33.4,25,0
Mexico-Chiapas,07/01/2017,4080,16,36.8,23.3,0
Mexico-Chiapas,14/01/2017,4080,9,36.8,23.3,0
Mexico-Chiapas,21/01/2017,4080,36,36.8,23.3,0
Mexico-Chiapas,28/01/2017,4080,14,36.8,23.3,0
Mexico-Chiapas,04/02/2017,4080,14,8.1,25,0
Mexico-Chiapas,11/02/2017,4080,79,8.1,25,0
Mexico-Chiapas,18/02/2017,4080,33,8.1,25,0
Mexico-Chiapas,25/02/2017,4080,51,8.1,25,0
Mexico-Chiapas,04/03/2017,4080,70,23.1,25.4,0
Mexico-Chiapas,11/03/2017,4080,19,23.1,25.4,0
Mexico-Chiapas,18/03/2017,4080,22,23.1,25.4,0
Mexico-Chiapas,25/03/2017,4080,45,23.1,25.4,0
Mexico-Chiapas,01/04/2017,4080,22,64,26.3,0
Mexico-Chiapas,08/04/2017,4080,19,64,26.3,0
Mexico-Chiapas,15/04/2017,4080,28,64,26.3,0
Mexico-Chiapas,22/04/2017,4080,27,64,26.3,0
Mexico-Chiapas,29/04/2017,4080,14,64,26.3,0
Mexico-Chiapas,06/05/2017,4080,11,262.3,27.3,0
Mexico-Chiapas,13/05/2017,4080,26,262.3,27.3,0
Mexico-Chiapas,20/05/2017,4080,46,262.3,27.3,0
Mexico-Chiapas,27/05/2017,4080,39,262.3,27.3,0
Mexico-Chiapas,03/06/2017,4080,18,409.4,26,0
Mexico-Chiapas,10/06/2017,4080,30,409.4,26,0
Mexico-Chiapas,17/06/2017,4080,30,409.4,26,0
Mexico-Chiapas,24/06/2017,4080,16,409.4,26,0
Mexico-Chiapas,01/07/2017,4080,22,254.3,25.9,0
Mexico-Chiapas,08/07/2017,4080,24,254.3,25.9,0
Mexico-Chiapas,15/07/2017,4080,23,254.3,25.9,3
Mexico-Chiapas,22/07/2017,4080,13,254.3,25.9,0
Mexico-Chiapas,29/07/2017,4080,30,254.3,25.9,2
Mexico-Chiapas,05/08/2017,4080,11,249.2,26.1,0
Mexico-Chiapas,12/08/2017,4080,14,249.2,26.1,0
Mexico-Chiapas,19/08/2017,4080,14,249.2,26.1,0
Mexico-Chiapas,26/08/2017,4080,12,249.2,26.1,0
Mexico-Chiapas,02/09/2017,4080,13,401.7,26,0
Mexico-Chiapas,09/09/2017,4080,9,401.7,26,0
Mexico-Chiapas,16/09/2017,4080,9,401.7,26,0
Mexico-Chiapas,23/09/2017,4080,11,401.7,26,0
Mexico-Chiapas,30/09/2017,4080,3,401.7,26,0
Mexico-Chiapas,07/10/2017,4080,5,228.8,25.1,0
Mexico-Chiapas,14/10/2017,4080,2,228.8,25.1,0
Mexico-Chiapas,21/10/2017,4080,2,228.8,25.1,0
Mexico-Chiapas,28/10/2017,4080,0,228.8,25.1,0
Mexico-Chiapas,04/11/2017,4080,3,37.9,23.8,0
Mexico-Chiapas,11/11/2017,4080,6,37.9,23.8,0
Mexico-Chiapas,18/11/2017,4080,3,37.9,23.8,0
Mexico-Chihuahua,07/01/2017,3333,5,12.3,11.7,0
Mexico-Chihuahua,14/01/2017,3333,5,12.3,11.7,0
Mexico-Chihuahua,21/01/2017,3333,8,12.3,11.7,0
Mexico-Chihuahua,28/01/2017,3333,9,12.3,11.7,0
Mexico-Chihuahua,04/02/2017,3333,0,8.1,13.9,0
Mexico-Chihuahua,11/02/2017,3333,0,8.1,13.9,0
Mexico-Chihuahua,18/02/2017,3333,0,8.1,13.9,0
Mexico-Chihuahua,25/02/2017,3333,17,8.1,13.9,0
Mexico-Chihuahua,04/03/2017,3333,23,6.1,17.6,0
Mexico-Chihuahua,11/03/2017,3333,8,6.1,17.6,0
Mexico-Chihuahua,18/03/2017,3333,0,6.1,17.6,0
Mexico-Chihuahua,25/03/2017,3333,8,6.1,17.6,0
Mexico-Chihuahua,01/04/2017,3333,3,3.4,20.4,0
Mexico-Chihuahua,08/04/2017,3333,0,3.4,20.4,0
Mexico-Chihuahua,15/04/2017,3333,22,3.4,20.4,0
Mexico-Chihuahua,22/04/2017,3333,12,3.4,20.4,0
Mexico-Chihuahua,29/04/2017,3333,0,3.4,20.4,0
Mexico-Chihuahua,06/05/2017,3333,7,10.4,22.5,0
Mexico-Chihuahua,13/05/2017,3333,6,10.4,22.5,0
Mexico-Chihuahua,20/05/2017,3333,8,10.4,22.5,0
Mexico-Chihuahua,27/05/2017,3333,0,10.4,22.5,0
Mexico-Chihuahua,03/06/2017,3333,5,20.6,26.9,0
Mexico-Chihuahua,10/06/2017,3333,9,20.6,26.9,0
Mexico-Chihuahua,17/06/2017,3333,9,20.6,26.9,0
Mexico-Chihuahua,24/06/2017,3333,0,20.6,26.9,0
Mexico-Chihuahua,01/07/2017,3333,7,153.3,24.6,0
Mexico-Chihuahua,08/07/2017,3333,9,153.3,24.6,0
Mexico-Chihuahua,15/07/2017,3333,19,153.3,24.6,0
Mexico-Chihuahua,22/07/2017,3333,0,153.3,24.6,0
Mexico-Chihuahua,29/07/2017,3333,4,153.3,24.6,0
Mexico-Chihuahua,05/08/2017,3333,13,122.1,23.6,0
Mexico-Chihuahua,12/08/2017,3333,8,122.1,23.6,0
Mexico-Chihuahua,19/08/2017,3333,8,122.1,23.6,0
Mexico-Chihuahua,26/08/2017,3333,3,122.1,23.6,0
Mexico-Chihuahua,02/09/2017,3333,8,58.8,22.9,0
Mexico-Chihuahua,09/09/2017,3333,7,58.8,22.9,0
Mexico-Chihuahua,16/09/2017,3333,3,58.8,22.9,0
Mexico-Chihuahua,23/09/2017,3333,4,58.8,22.9,0
Mexico-Chihuahua,30/09/2017,3333,2,58.8,22.9,0
Mexico-Chihuahua,07/10/2017,3333,1,14.4,20.5,0
Mexico-Chihuahua,14/10/2017,3333,0,14.4,20.5,0
Mexico-Chihuahua,21/10/2017,3333,2,14.4,20.5,0
Mexico-Chihuahua,28/10/2017,3333,3,14.4,20.5,0
Mexico-Chihuahua,04/11/2017,3333,0,1.7,16.9,0
Mexico-Chihuahua,11/11/2017,3333,2,1.7,16.9,0
Mexico-Chihuahua,18/11/2017,3333,1,1.7,16.9,0
Mexico-Coahuila_de_Zaragoza,07/01/2017,3751,17,2.6,16.3,0
Mexico-Coahuila_de_Zaragoza,14/01/2017,3751,6,2.6,16.3,0
Mexico-Coahuila_de_Zaragoza,21/01/2017,3751,6,2.6,16.3,0
Mexico-Coahuila_de_Zaragoza,28/01/2017,3751,0,2.6,16.3,0
Mexico-Coahuila_de_Zaragoza,04/02/2017,3751,7,11.1,18.6,0
Mexico-Coahuila_de_Zaragoza,11/02/2017,3751,19,11.1,18.6,0
Mexico-Coahuila_de_Zaragoza,18/02/2017,3751,11,11.1,18.6,0
Mexico-Coahuila_de_Zaragoza,25/02/2017,3751,0,11.1,18.6,0
Mexico-Coahuila_de_Zaragoza,04/03/2017,3751,9,15.1,20.7,0
Mexico-Coahuila_de_Zaragoza,11/03/2017,3751,0,15.1,20.7,0
Mexico-Coahuila_de_Zaragoza,18/03/2017,3751,22,15.1,20.7,0
Mexico-Coahuila_de_Zaragoza,25/03/2017,3751,10,15.1,20.7,0
Mexico-Coahuila_de_Zaragoza,01/04/2017,3751,7,23,23.3,0
Mexico-Coahuila_de_Zaragoza,08/04/2017,3751,0,23,23.3,0
Mexico-Coahuila_de_Zaragoza,15/04/2017,3751,13,23,23.3,0
Mexico-Coahuila_de_Zaragoza,22/04/2017,3751,15,23,23.3,0
Mexico-Coahuila_de_Zaragoza,29/04/2017,3751,5,23,23.3,0
Mexico-Coahuila_de_Zaragoza,06/05/2017,3751,0,40.6,26.1,0
Mexico-Coahuila_de_Zaragoza,13/05/2017,3751,8,40.6,26.1,0
Mexico-Coahuila_de_Zaragoza,20/05/2017,3751,0,40.6,26.1,0
Mexico-Coahuila_de_Zaragoza,27/05/2017,3751,0,40.6,26.1,0
Mexico-Coahuila_de_Zaragoza,03/06/2017,3751,0,22.6,28.4,0
Mexico-Coahuila_de_Zaragoza,10/06/2017,3751,0,22.6,28.4,0
Mexico-Coahuila_de_Zaragoza,17/06/2017,3751,7,22.6,28.4,0
Mexico-Coahuila_de_Zaragoza,24/06/2017,3751,8,22.6,28.4,0
Mexico-Coahuila_de_Zaragoza,01/07/2017,3751,8,37.8,28.6,0
Mexico-Coahuila_de_Zaragoza,08/07/2017,3751,0,37.8,28.6,0
Mexico-Coahuila_de_Zaragoza,15/07/2017,3751,0,37.8,28.6,1
Mexico-Coahuila_de_Zaragoza,22/07/2017,3751,5,37.8,28.6,0
Mexico-Coahuila_de_Zaragoza,29/07/2017,3751,5,37.8,28.6,0
Mexico-Coahuila_de_Zaragoza,05/08/2017,3751,5,45.1,28.2,1
Mexico-Coahuila_de_Zaragoza,12/08/2017,3751,5,45.1,28.2,1
Mexico-Coahuila_de_Zaragoza,19/08/2017,3751,0,45.1,28.2,1
Mexico-Coahuila_de_Zaragoza,26/08/2017,3751,15,45.1,28.2,0
Mexico-Coahuila_de_Zaragoza,02/09/2017,3751,62,108.3,26.2,12
Mexico-Coahuila_de_Zaragoza,09/09/2017,3751,47,108.3,26.2,13
Mexico-Coahuila_de_Zaragoza,16/09/2017,3751,35,108.3,26.2,3
Mexico-Coahuila_de_Zaragoza,23/09/2017,3751,52,108.3,26.2,12
Mexico-Coahuila_de_Zaragoza,30/09/2017,3751,33,108.3,26.2,33
Mexico-Coahuila_de_Zaragoza,07/10/2017,3751,39,15.2,21.3,60
Mexico-Coahuila_de_Zaragoza,14/10/2017,3751,19,15.2,21.3,37
Mexico-Coahuila_de_Zaragoza,21/10/2017,3751,13,15.2,21.3,28
Mexico-Coahuila_de_Zaragoza,28/10/2017,3751,12,15.2,21.3,0
Mexico-Coahuila_de_Zaragoza,04/11/2017,3751,9,1.9,18.7,39
Mexico-Coahuila_de_Zaragoza,11/11/2017,3751,9,1.9,18.7,4
Mexico-Coahuila_de_Zaragoza,18/11/2017,3751,5,1.9,18.7,8
Mexico-Colima,07/01/2017,570,30,0,25,0
Mexico-Colima,14/01/2017,570,36,0,25,0
Mexico-Colima,21/01/2017,570,0,0,25,0
Mexico-Colima,28/01/2017,570,81,0,25,0
Mexico-Colima,04/02/2017,570,0,2.8,24.9,0
Mexico-Colima,11/02/2017,570,0,2.8,24.9,0
Mexico-Colima,18/02/2017,570,36,2.8,24.9,0
Mexico-Colima,25/02/2017,570,56,2.8,24.9,0
Mexico-Colima,04/03/2017,570,47,1.2,26.2,0
Mexico-Colima,11/03/2017,570,98,1.2,26.2,0
Mexico-Colima,18/03/2017,570,0,1.2,26.2,0
Mexico-Colima,25/03/2017,570,100,1.2,26.2,0
Mexico-Colima,01/04/2017,570,55,0,24.7,0
Mexico-Colima,08/04/2017,570,0,0,24.7,0
Mexico-Colima,15/04/2017,570,0,0,24.7,0
Mexico-Colima,22/04/2017,570,100,0,24.7,0
Mexico-Colima,29/04/2017,570,51,0,24.7,0
Mexico-Colima,06/05/2017,570,0,1.7,26.5,0
Mexico-Colima,13/05/2017,570,0,1.7,26.5,0
Mexico-Colima,20/05/2017,570,99,1.7,26.5,0
Mexico-Colima,27/05/2017,570,34,1.7,26.5,0
Mexico-Colima,03/06/2017,570,33,197.4,28.5,0
Mexico-Colima,10/06/2017,570,56,197.4,28.5,0
Mexico-Colima,17/06/2017,570,37,197.4,28.5,0
Mexico-Colima,24/06/2017,570,38,197.4,28.5,0
Mexico-Colima,01/07/2017,570,0,287.4,28.8,0
Mexico-Colima,08/07/2017,570,30,287.4,28.8,0
Mexico-Colima,15/07/2017,570,44,287.4,28.8,0
Mexico-Colima,22/07/2017,570,0,287.4,28.8,0
Mexico-Colima,29/07/2017,570,28,287.4,28.8,0
Mexico-Colima,05/08/2017,570,0,560.3,28.5,0
Mexico-Colima,12/08/2017,570,24,560.3,28.5,0
Mexico-Colima,19/08/2017,570,27,560.3,28.5,0
Mexico-Colima,26/08/2017,570,43,560.3,28.5,0
Mexico-Colima,02/09/2017,570,24,528,27.7,0
Mexico-Colima,09/09/2017,570,15,528,27.7,0
Mexico-Colima,16/09/2017,570,12,528,27.7,0
Mexico-Colima,23/09/2017,570,13,528,27.7,0
Mexico-Colima,30/09/2017,570,0,528,27.7,0
Mexico-Colima,07/10/2017,570,9,142.7,28.2,0
Mexico-Colima,14/10/2017,570,6,142.7,28.2,0
Mexico-Colima,21/10/2017,570,6,142.7,28.2,2
Mexico-Colima,28/10/2017,570,10,142.7,28.2,0
Mexico-Colima,04/11/2017,570,5,0.1,27.7,0
Mexico-Colima,11/11/2017,570,5,0.1,27.7,0
Mexico-Colima,18/11/2017,570,12,0.1,27.7,0
Mexico-Durango,07/01/2017,1966,0,1.3,13.4,0
Mexico-Durango,14/01/2017,1966,0,1.3,13.4,0
Mexico-Durango,21/01/2017,1966,16,1.3,13.4,0
Mexico-Durango,28/01/2017,1966,0,1.3,13.4,0
Mexico-Durango,04/02/2017,1966,18,7.8,14.9,0
Mexico-Durango,11/02/2017,1966,0,7.8,14.9,0
Mexico-Durango,18/02/2017,1966,18,7.8,14.9,0
Mexico-Durango,25/02/2017,1966,0,7.8,14.9,0
Mexico-Durango,04/03/2017,1966,23,13.3,17.6,0
Mexico-Durango,11/03/2017,1966,23,13.3,17.6,0
Mexico-Durango,18/03/2017,1966,0,13.3,17.6,0
Mexico-Durango,25/03/2017,1966,0,13.3,17.6,0
Mexico-Durango,01/04/2017,1966,0,1.4,20.2,0
Mexico-Durango,08/04/2017,1966,0,1.4,20.2,0
Mexico-Durango,15/04/2017,1966,34,1.4,20.2,0
Mexico-Durango,22/04/2017,1966,0,1.4,20.2,0
Mexico-Durango,29/04/2017,1966,13,1.4,20.2,0
Mexico-Durango,06/05/2017,1966,0,4.7,22.5,0
Mexico-Durango,13/05/2017,1966,0,4.7,22.5,0
Mexico-Durango,20/05/2017,1966,0,4.7,22.5,0
Mexico-Durango,27/05/2017,1966,0,4.7,22.5,0
Mexico-Durango,03/06/2017,1966,16,12.5,25,0
Mexico-Durango,10/06/2017,1966,28,12.5,25,0
Mexico-Durango,17/06/2017,1966,19,12.5,25,0
Mexico-Durango,24/06/2017,1966,0,12.5,25,0
Mexico-Durango,01/07/2017,1966,21,121.7,23,0
Mexico-Durango,08/07/2017,1966,0,121.7,23,0
Mexico-Durango,15/07/2017,1966,0,121.7,23,0
Mexico-Durango,22/07/2017,1966,0,121.7,23,0
Mexico-Durango,29/07/2017,1966,0,121.7,23,0
Mexico-Durango,05/08/2017,1966,0,139.3,22.4,0
Mexico-Durango,12/08/2017,1966,12,139.3,22.4,0
Mexico-Durango,19/08/2017,1966,13,139.3,22.4,0
Mexico-Durango,26/08/2017,1966,0,139.3,22.4,0
Mexico-Durango,02/09/2017,1966,12,97.3,21,0
Mexico-Durango,09/09/2017,1966,22,97.3,21,0
Mexico-Durango,16/09/2017,1966,0,97.3,21,0
Mexico-Durango,23/09/2017,1966,0,97.3,21,0
Mexico-Durango,30/09/2017,1966,0,97.3,21,0
Mexico-Durango,07/10/2017,1966,9,34.1,19.5,0
Mexico-Durango,14/10/2017,1966,7,34.1,19.5,0
Mexico-Durango,21/10/2017,1966,3,34.1,19.5,0
Mexico-Durango,28/10/2017,1966,0,34.1,19.5,1
Mexico-Durango,04/11/2017,1966,5,0,16.5,0
Mexico-Durango,11/11/2017,1966,3,0,16.5,0
Mexico-Durango,18/11/2017,1966,3,0,16.5,0
Mexico-Guanajuato,07/01/2017,2072,5,0.2,15.5,0
Mexico-Guanajuato,14/01/2017,2072,4,0.2,15.5,0
Mexico-Guanajuato,21/01/2017,2072,8,0.2,15.5,0
Mexico-Guanajuato,28/01/2017,2072,9,0.2,15.5,0
Mexico-Guanajuato,04/02/2017,2072,15,1.5,17,0
Mexico-Guanajuato,11/02/2017,2072,9,1.5,17,0
Mexico-Guanajuato,18/02/2017,2072,6,1.5,17,0
Mexico-Guanajuato,25/02/2017,2072,6,1.5,17,0
Mexico-Guanajuato,04/03/2017,2072,8,14.2,19,0
Mexico-Guanajuato,11/03/2017,2072,0,14.2,19,0
Mexico-Guanajuato,18/03/2017,2072,0,14.2,19,0
Mexico-Guanajuato,25/03/2017,2072,9,14.2,19,0
Mexico-Guanajuato,01/04/2017,2072,4,6,20.7,0
Mexico-Guanajuato,08/04/2017,2072,8,6,20.7,0
Mexico-Guanajuato,15/04/2017,2072,8,6,20.7,0
Mexico-Guanajuato,22/04/2017,2072,12,6,20.7,0
Mexico-Guanajuato,29/04/2017,2072,0,6,20.7,0
Mexico-Guanajuato,06/05/2017,2072,5,17.2,23.5,0
Mexico-Guanajuato,13/05/2017,2072,0,17.2,23.5,0
Mexico-Guanajuato,20/05/2017,2072,6,17.2,23.5,0
Mexico-Guanajuato,27/05/2017,2072,9,17.2,23.5,0
Mexico-Guanajuato,03/06/2017,2072,4,108.3,22.9,0
Mexico-Guanajuato,10/06/2017,2072,7,108.3,22.9,0
Mexico-Guanajuato,17/06/2017,2072,0,108.3,22.9,0
Mexico-Guanajuato,24/06/2017,2072,6,108.3,22.9,0
Mexico-Guanajuato,01/07/2017,2072,18,173.7,20.5,0
Mexico-Guanajuato,08/07/2017,2072,3,173.7,20.5,0
Mexico-Guanajuato,15/07/2017,2072,11,173.7,20.5,0
Mexico-Guanajuato,22/07/2017,2072,4,173.7,20.5,0
Mexico-Guanajuato,29/07/2017,2072,6,173.7,20.5,0
Mexico-Guanajuato,05/08/2017,2072,6,131.4,21.1,0
Mexico-Guanajuato,12/08/2017,2072,3,131.4,21.1,0
Mexico-Guanajuato,19/08/2017,2072,17,131.4,21.1,0
Mexico-Guanajuato,26/08/2017,2072,12,131.4,21.1,0
Mexico-Guanajuato,02/09/2017,2072,22,143.7,20.1,0
Mexico-Guanajuato,09/09/2017,2072,18,143.7,20.1,0
Mexico-Guanajuato,16/09/2017,2072,9,143.7,20.1,0
Mexico-Guanajuato,23/09/2017,2072,12,143.7,20.1,0
Mexico-Guanajuato,30/09/2017,2072,8,143.7,20.1,0
Mexico-Guanajuato,07/10/2017,2072,6,14.6,18.8,0
Mexico-Guanajuato,14/10/2017,2072,2,14.6,18.8,0
Mexico-Guanajuato,21/10/2017,2072,1,14.6,18.8,0
Mexico-Guanajuato,28/10/2017,2072,4,14.6,18.8,0
Mexico-Guanajuato,04/11/2017,2072,3,0.3,17.1,0
Mexico-Guanajuato,11/11/2017,2072,1,0.3,17.1,0
Mexico-Guanajuato,18/11/2017,2072,2,0.3,17.1,0
Mexico-Guerrero,07/01/2017,1161,35,0.2,23.9,1
Mexico-Guerrero,14/01/2017,1161,10,0.2,23.9,1
Mexico-Guerrero,21/01/2017,1161,16,0.2,23.9,1
Mexico-Guerrero,28/01/2017,1161,25,0.2,23.9,1
Mexico-Guerrero,04/02/2017,1161,27,0.2,24.3,0
Mexico-Guerrero,11/02/2017,1161,46,0.2,24.3,1
Mexico-Guerrero,18/02/2017,1161,17,0.2,24.3,1
Mexico-Guerrero,25/02/2017,1161,58,0.2,24.3,0
Mexico-Guerrero,04/03/2017,1161,66,2.1,25.6,0
Mexico-Guerrero,11/03/2017,1161,22,2.1,25.6,1
Mexico-Guerrero,18/03/2017,1161,84,2.1,25.6,1
Mexico-Guerrero,25/03/2017,1161,53,2.1,25.6,2
Mexico-Guerrero,01/04/2017,1161,31,3.2,26.1,0
Mexico-Guerrero,08/04/2017,1161,39,3.2,26.1,0
Mexico-Guerrero,15/04/2017,1161,100,3.2,26.1,0
Mexico-Guerrero,22/04/2017,1161,31,3.2,26.1,0
Mexico-Guerrero,29/04/2017,1161,8,3.2,26.1,0
Mexico-Guerrero,06/05/2017,1161,53,90.2,27.1,0
Mexico-Guerrero,13/05/2017,1161,25,90.2,27.1,0
Mexico-Guerrero,20/05/2017,1161,16,90.2,27.1,1
Mexico-Guerrero,27/05/2017,1161,12,90.2,27.1,0
Mexico-Guerrero,03/06/2017,1161,15,223.9,26.3,2
Mexico-Guerrero,10/06/2017,1161,18,223.9,26.3,0
Mexico-Guerrero,17/06/2017,1161,71,223.9,26.3,0
Mexico-Guerrero,24/06/2017,1161,30,223.9,26.3,0
Mexico-Guerrero,01/07/2017,1161,32,162.6,25.8,1
Mexico-Guerrero,08/07/2017,1161,45,162.6,25.8,0
Mexico-Guerrero,15/07/2017,1161,20,162.6,25.8,0
Mexico-Guerrero,22/07/2017,1161,15,162.6,25.8,0
Mexico-Guerrero,29/07/2017,1161,30,162.6,25.8,1
Mexico-Guerrero,05/08/2017,1161,18,230.4,25.9,0
Mexico-Guerrero,12/08/2017,1161,34,230.4,25.9,0
Mexico-Guerrero,19/08/2017,1161,23,230.4,25.9,2
Mexico-Guerrero,26/08/2017,1161,14,230.4,25.9,0
Mexico-Guerrero,02/09/2017,1161,8,369.4,25.2,0
Mexico-Guerrero,09/09/2017,1161,8,369.4,25.2,1
Mexico-Guerrero,16/09/2017,1161,4,369.4,25.2,1
Mexico-Guerrero,23/09/2017,1161,15,369.4,25.2,0
Mexico-Guerrero,30/09/2017,1161,5,369.4,25.2,0
Mexico-Guerrero,07/10/2017,1161,6,71.7,25.2,1
Mexico-Guerrero,14/10/2017,1161,3,71.7,25.2,1
Mexico-Guerrero,21/10/2017,1161,8,71.7,25.2,0
Mexico-Guerrero,28/10/2017,1161,3,71.7,25.2,0
Mexico-Guerrero,04/11/2017,1161,2,6.7,24.5,0
Mexico-Guerrero,11/11/2017,1161,4,6.7,24.5,0
Mexico-Guerrero,18/11/2017,1161,6,6.7,24.5,0
Mexico-Hidalgo,07/01/2017,1918,0,3.1,15.7,0
Mexico-Hidalgo,14/01/2017,1918,20,3.1,15.7,0
Mexico-Hidalgo,21/01/2017,1918,0,3.1,15.7,1
Mexico-Hidalgo,28/01/2017,1918,14,3.1,15.7,1
Mexico-Hidalgo,04/02/2017,1918,20,5,17.4,0
Mexico-Hidalgo,11/02/2017,1918,42,5,17.4,1
Mexico-Hidalgo,18/02/2017,1918,10,5,17.4,0
Mexico-Hidalgo,25/02/2017,1918,30,5,17.4,0
Mexico-Hidalgo,04/03/2017,1918,27,20.7,18.4,0
Mexico-Hidalgo,11/03/2017,1918,0,20.7,18.4,0
Mexico-Hidalgo,18/03/2017,1918,16,20.7,18.4,0
Mexico-Hidalgo,25/03/2017,1918,41,20.7,18.4,0
Mexico-Hidalgo,01/04/2017,1918,35,16.5,19.6,0
Mexico-Hidalgo,08/04/2017,1918,56,16.5,19.6,0
Mexico-Hidalgo,15/04/2017,1918,75,16.5,19.6,0
Mexico-Hidalgo,22/04/2017,1918,14,16.5,19.6,0
Mexico-Hidalgo,29/04/2017,1918,0,16.5,19.6,0
Mexico-Hidalgo,06/05/2017,1918,24,51.2,23,0
Mexico-Hidalgo,13/05/2017,1918,11,51.2,23,0
Mexico-Hidalgo,20/05/2017,1918,27,51.2,23,1
Mexico-Hidalgo,27/05/2017,1918,10,51.2,23,0
Mexico-Hidalgo,03/06/2017,1918,9,69.2,22.1,1
Mexico-Hidalgo,10/06/2017,1918,15,69.2,22.1,0
Mexico-Hidalgo,17/06/2017,1918,10,69.2,22.1,0
Mexico-Hidalgo,24/06/2017,1918,10,69.2,22.1,6
Mexico-Hidalgo,01/07/2017,1918,0,95.1,20.3,0
Mexico-Hidalgo,08/07/2017,1918,8,95.1,20.3,11
Mexico-Hidalgo,15/07/2017,1918,12,95.1,20.3,4
Mexico-Hidalgo,22/07/2017,1918,14,95.1,20.3,4
Mexico-Hidalgo,29/07/2017,1918,8,95.1,20.3,1
Mexico-Hidalgo,05/08/2017,1918,15,88.9,21.2,0
Mexico-Hidalgo,12/08/2017,1918,0,88.9,21.2,3
Mexico-Hidalgo,19/08/2017,1918,33,88.9,21.2,0
Mexico-Hidalgo,26/08/2017,1918,12,88.9,21.2,2
Mexico-Hidalgo,02/09/2017,1918,10,182.1,19.8,9
Mexico-Hidalgo,09/09/2017,1918,0,182.1,19.8,9
Mexico-Hidalgo,16/09/2017,1918,0,182.1,19.8,1
Mexico-Hidalgo,23/09/2017,1918,17,182.1,19.8,7
Mexico-Hidalgo,30/09/2017,1918,3,182.1,19.8,3
Mexico-Hidalgo,07/10/2017,1918,7,109.6,18.2,2
Mexico-Hidalgo,14/10/2017,1918,3,109.6,18.2,3
Mexico-Hidalgo,21/10/2017,1918,4,109.6,18.2,2
Mexico-Hidalgo,28/10/2017,1918,3,109.6,18.2,0
Mexico-Hidalgo,04/11/2017,1918,4,4.9,16.5,3
Mexico-Hidalgo,11/11/2017,1918,0,4.9,16.5,2
Mexico-Hidalgo,18/11/2017,1918,2,4.9,16.5,6
Mexico-Jalisco,07/01/2017,1355,6,0.3,17.5,1
Mexico-Jalisco,14/01/2017,1355,11,0.3,17.5,0
Mexico-Jalisco,21/01/2017,1355,8,0.3,17.5,1
Mexico-Jalisco,28/01/2017,1355,7,0.3,17.5,2
Mexico-Jalisco,04/02/2017,1355,8,2.9,18.2,1
Mexico-Jalisco,11/02/2017,1355,20,2.9,18.2,0
Mexico-Jalisco,18/02/2017,1355,15,2.9,18.2,3
Mexico-Jalisco,25/02/2017,1355,14,2.9,18.2,0
Mexico-Jalisco,04/03/2017,1355,16,6.5,21,0
Mexico-Jalisco,11/03/2017,1355,12,6.5,21,0
Mexico-Jalisco,18/03/2017,1355,14,6.5,21,1
Mexico-Jalisco,25/03/2017,1355,15,6.5,21,1
Mexico-Jalisco,01/04/2017,1355,5,0.1,22.2,2
Mexico-Jalisco,08/04/2017,1355,11,0.1,22.2,0
Mexico-Jalisco,15/04/2017,1355,15,0.1,22.2,0
Mexico-Jalisco,22/04/2017,1355,10,0.1,22.2,0
Mexico-Jalisco,29/04/2017,1355,6,0.1,22.2,0
Mexico-Jalisco,06/05/2017,1355,7,6.8,24.7,0
Mexico-Jalisco,13/05/2017,1355,6,6.8,24.7,0
Mexico-Jalisco,20/05/2017,1355,8,6.8,24.7,0
Mexico-Jalisco,27/05/2017,1355,4,6.8,24.7,0
Mexico-Jalisco,03/06/2017,1355,6,101.8,25.5,0
Mexico-Jalisco,10/06/2017,1355,14,101.8,25.5,2
Mexico-Jalisco,17/06/2017,1355,10,101.8,25.5,2
Mexico-Jalisco,24/06/2017,1355,14,101.8,25.5,5
Mexico-Jalisco,01/07/2017,1355,6,233.3,23.3,4
Mexico-Jalisco,08/07/2017,1355,10,233.3,23.3,4
Mexico-Jalisco,15/07/2017,1355,21,233.3,23.3,3
Mexico-Jalisco,22/07/2017,1355,8,233.3,23.3,5
Mexico-Jalisco,29/07/2017,1355,6,233.3,23.3,8
Mexico-Jalisco,05/08/2017,1355,13,266.8,23.6,0
Mexico-Jalisco,12/08/2017,1355,10,266.8,23.6,8
Mexico-Jalisco,19/08/2017,1355,10,266.8,23.6,7
Mexico-Jalisco,26/08/2017,1355,11,266.8,23.6,11
Mexico-Jalisco,02/09/2017,1355,17,247.4,22.7,9
Mexico-Jalisco,09/09/2017,1355,7,247.4,22.7,11
Mexico-Jalisco,16/09/2017,1355,7,247.4,22.7,3
Mexico-Jalisco,23/09/2017,1355,8,247.4,22.7,4
Mexico-Jalisco,30/09/2017,1355,6,247.4,22.7,7
Mexico-Jalisco,07/10/2017,1355,8,59.4,21.8,8
Mexico-Jalisco,14/10/2017,1355,5,59.4,21.8,10
Mexico-Jalisco,21/10/2017,1355,4,59.4,21.8,23
Mexico-Jalisco,28/10/2017,1355,5,59.4,21.8,4
Mexico-Jalisco,04/11/2017,1355,5,0.9,20,11
Mexico-Jalisco,11/11/2017,1355,4,0.9,20,29
Mexico-Jalisco,18/11/2017,1355,7,0.9,20,42
Mexico-Mexico_City,07/01/2017,2250,7,0,15.5,0
Mexico-Mexico_City,14/01/2017,2250,8,0,15.5,0
Mexico-Mexico_City,21/01/2017,2250,11,0,15.5,0
Mexico-Mexico_City,28/01/2017,2250,12,0,15.5,0
Mexico-Mexico_City,04/02/2017,2250,9,0,16.9,0
Mexico-Mexico_City,11/02/2017,2250,13,0,16.9,0
Mexico-Mexico_City,18/02/2017,2250,10,0,16.9,0
Mexico-Mexico_City,25/02/2017,2250,12,0,16.9,0
Mexico-Mexico_City,04/03/2017,2250,15,18.1,17.3,0
Mexico-Mexico_City,11/03/2017,2250,17,18.1,17.3,0
Mexico-Mexico_City,18/03/2017,2250,11,18.1,17.3,0
Mexico-Mexico_City,25/03/2017,2250,15,18.1,17.3,0
Mexico-Mexico_City,01/04/2017,2250,8,12.9,19.3,0
Mexico-Mexico_City,08/04/2017,2250,10,12.9,19.3,0
Mexico-Mexico_City,15/04/2017,2250,12,12.9,19.3,0
Mexico-Mexico_City,22/04/2017,2250,17,12.9,19.3,0
Mexico-Mexico_City,29/04/2017,2250,8,12.9,19.3,0
Mexico-Mexico_City,06/05/2017,2250,11,48.9,21.3,0
Mexico-Mexico_City,13/05/2017,2250,6,48.9,21.3,0
Mexico-Mexico_City,20/05/2017,2250,12,48.9,21.3,0
Mexico-Mexico_City,27/05/2017,2250,6,48.9,21.3,0
Mexico-Mexico_City,03/06/2017,2250,5,86.2,20.3,0
Mexico-Mexico_City,10/06/2017,2250,11,86.2,20.3,0
Mexico-Mexico_City,17/06/2017,2250,8,86.2,20.3,0
Mexico-Mexico_City,24/06/2017,2250,11,86.2,20.3,0
Mexico-Mexico_City,01/07/2017,2250,8,101.7,18.7,0
Mexico-Mexico_City,08/07/2017,2250,7,101.7,18.7,0
Mexico-Mexico_City,15/07/2017,2250,8,101.7,18.7,0
Mexico-Mexico_City,22/07/2017,2250,5,101.7,18.7,0
Mexico-Mexico_City,29/07/2017,2250,4,101.7,18.7,0
Mexico-Mexico_City,05/08/2017,2250,7,101.3,19.6,0
Mexico-Mexico_City,12/08/2017,2250,5,101.3,19.6,0
Mexico-Mexico_City,19/08/2017,2250,12,101.3,19.6,0
Mexico-Mexico_City,26/08/2017,2250,8,101.3,19.6,0
Mexico-Mexico_City,02/09/2017,2250,7,86.8,18.5,0
Mexico-Mexico_City,09/09/2017,2250,5,86.8,18.5,0
Mexico-Mexico_City,16/09/2017,2250,3,86.8,18.5,0
Mexico-Mexico_City,23/09/2017,2250,4,86.8,18.5,0
Mexico-Mexico_City,30/09/2017,2250,2,86.8,18.5,0
Mexico-Mexico_City,07/10/2017,2250,2,31.4,17.6,0
Mexico-Mexico_City,14/10/2017,2250,2,31.4,17.6,0
Mexico-Mexico_City,21/10/2017,2250,2,31.4,17.6,0
Mexico-Mexico_City,28/10/2017,2250,2,31.4,17.6,0
Mexico-Mexico_City,04/11/2017,2250,1,0.6,16.2,0
Mexico-Mexico_City,11/11/2017,2250,1,0.6,16.2,0
Mexico-Mexico_City,18/11/2017,2250,1,0.6,16.2,0
Mexico-Michoacan_de_Ocampo,07/01/2017,926,11,0.1,17.6,0
Mexico-Michoacan_de_Ocampo,14/01/2017,926,20,0.1,17.6,0
Mexico-Michoacan_de_Ocampo,21/01/2017,926,6,0.1,17.6,0
Mexico-Michoacan_de_Ocampo,28/01/2017,926,15,0.1,17.6,0
Mexico-Michoacan_de_Ocampo,04/02/2017,926,14,1,18.5,0
Mexico-Michoacan_de_Ocampo,11/02/2017,926,9,1,18.5,0
Mexico-Michoacan_de_Ocampo,18/02/2017,926,17,1,18.5,0
Mexico-Michoacan_de_Ocampo,25/02/2017,926,15,1,18.5,0
Mexico-Michoacan_de_Ocampo,04/03/2017,926,9,14.6,20.6,0
Mexico-Michoacan_de_Ocampo,11/03/2017,926,35,14.6,20.6,0
Mexico-Michoacan_de_Ocampo,18/03/2017,926,10,14.6,20.6,0
Mexico-Michoacan_de_Ocampo,25/03/2017,926,9,14.6,20.6,0
Mexico-Michoacan_de_Ocampo,01/04/2017,926,16,1.8,21.9,0
Mexico-Michoacan_de_Ocampo,08/04/2017,926,24,1.8,21.9,0
Mexico-Michoacan_de_Ocampo,15/04/2017,926,12,1.8,21.9,0
Mexico-Michoacan_de_Ocampo,22/04/2017,926,9,1.8,21.9,0
Mexico-Michoacan_de_Ocampo,29/04/2017,926,5,1.8,21.9,0
Mexico-Michoacan_de_Ocampo,06/05/2017,926,8,29.5,24.2,0
Mexico-Michoacan_de_Ocampo,13/05/2017,926,15,29.5,24.2,0
Mexico-Michoacan_de_Ocampo,20/05/2017,926,9,29.5,24.2,0
Mexico-Michoacan_de_Ocampo,27/05/2017,926,14,29.5,24.2,1
Mexico-Michoacan_de_Ocampo,03/06/2017,926,15,116.1,24,0
Mexico-Michoacan_de_Ocampo,10/06/2017,926,26,116.1,24,0
Mexico-Michoacan_de_Ocampo,17/06/2017,926,28,116.1,24,2
Mexico-Michoacan_de_Ocampo,24/06/2017,926,21,116.1,24,0
Mexico-Michoacan_de_Ocampo,01/07/2017,926,16,159.4,22,1
Mexico-Michoacan_de_Ocampo,08/07/2017,926,5,159.4,22,0
Mexico-Michoacan_de_Ocampo,15/07/2017,926,8,159.4,22,0
Mexico-Michoacan_de_Ocampo,22/07/2017,926,13,159.4,22,0
Mexico-Michoacan_de_Ocampo,29/07/2017,926,15,159.4,22,0
Mexico-Michoacan_de_Ocampo,05/08/2017,926,10,228.4,22.4,0
Mexico-Michoacan_de_Ocampo,12/08/2017,926,7,228.4,22.4,0
Mexico-Michoacan_de_Ocampo,19/08/2017,926,15,228.4,22.4,0
Mexico-Michoacan_de_Ocampo,26/08/2017,926,6,228.4,22.4,0
Mexico-Michoacan_de_Ocampo,02/09/2017,926,5,190.9,21.7,0
Mexico-Michoacan_de_Ocampo,09/09/2017,926,3,190.9,21.7,0
Mexico-Michoacan_de_Ocampo,16/09/2017,926,3,190.9,21.7,0
Mexico-Michoacan_de_Ocampo,23/09/2017,926,5,190.9,21.7,0
Mexico-Michoacan_de_Ocampo,30/09/2017,926,3,190.9,21.7,0
Mexico-Michoacan_de_Ocampo,07/10/2017,926,4,50.2,21,0
Mexico-Michoacan_de_Ocampo,14/10/2017,926,0,50.2,21,0
Mexico-Michoacan_de_Ocampo,21/10/2017,926,2,50.2,21,2
Mexico-Michoacan_de_Ocampo,28/10/2017,926,4,50.2,21,0
Mexico-Michoacan_de_Ocampo,04/11/2017,926,1,0.4,19.2,0
Mexico-Michoacan_de_Ocampo,11/11/2017,926,1,0.4,19.2,0
Mexico-Michoacan_de_Ocampo,18/11/2017,926,3,0.4,19.2,0
Mexico-Morelos,07/01/2017,1169,19,0,19.7,3
Mexico-Morelos,14/01/2017,1169,17,0,19.7,2
Mexico-Morelos,21/01/2017,1169,27,0,19.7,2
Mexico-Morelos,28/01/2017,1169,49,0,19.7,2
Mexico-Morelos,04/02/2017,1169,33,0.1,21.5,0
Mexico-Morelos,11/02/2017,1169,39,0.1,21.5,1
Mexico-Morelos,18/02/2017,1169,40,0.1,21.5,1
Mexico-Morelos,25/02/2017,1169,60,0.1,21.5,1
Mexico-Morelos,04/03/2017,1169,38,14.7,23.4,1
Mexico-Morelos,11/03/2017,1169,30,14.7,23.4,0
Mexico-Morelos,18/03/2017,1169,53,14.7,23.4,0
Mexico-Morelos,25/03/2017,1169,16,14.7,23.4,1
Mexico-Morelos,01/04/2017,1169,20,13.5,25,1
Mexico-Morelos,08/04/2017,1169,29,13.5,25,0
Mexico-Morelos,15/04/2017,1169,51,13.5,25,0
Mexico-Morelos,22/04/2017,1169,24,13.5,25,1
Mexico-Morelos,29/04/2017,1169,8,13.5,25,0
Mexico-Morelos,06/05/2017,1169,34,174.9,25.4,1
Mexico-Morelos,13/05/2017,1169,24,174.9,25.4,1
Mexico-Morelos,20/05/2017,1169,31,174.9,25.4,1
Mexico-Morelos,27/05/2017,1169,42,174.9,25.4,7
Mexico-Morelos,03/06/2017,1169,15,386,23.1,6
Mexico-Morelos,10/06/2017,1169,18,386,23.1,6
Mexico-Morelos,17/06/2017,1169,58,386,23.1,4
Mexico-Morelos,24/06/2017,1169,53,386,23.1,10
Mexico-Morelos,01/07/2017,1169,72,320.4,22.5,10
Mexico-Morelos,08/07/2017,1169,50,320.4,22.5,6
Mexico-Morelos,15/07/2017,1169,58,320.4,22.5,5
Mexico-Morelos,22/07/2017,1169,44,320.4,22.5,7
Mexico-Morelos,29/07/2017,1169,29,320.4,22.5,9
Mexico-Morelos,05/08/2017,1169,42,517.2,22.6,9
Mexico-Morelos,12/08/2017,1169,43,517.2,22.6,13
Mexico-Morelos,19/08/2017,1169,77,517.2,22.6,10
Mexico-Morelos,26/08/2017,1169,78,517.2,22.6,9
Mexico-Morelos,02/09/2017,1169,67,441.1,22.2,7
Mexico-Morelos,09/09/2017,1169,30,441.1,22.2,5
Mexico-Morelos,16/09/2017,1169,29,441.1,22.2,4
Mexico-Morelos,23/09/2017,1169,13,441.1,22.2,1
Mexico-Morelos,30/09/2017,1169,19,441.1,22.2,4
Mexico-Morelos,07/10/2017,1169,22,81.7,21.6,5
Mexico-Morelos,14/10/2017,1169,15,81.7,21.6,6
Mexico-Morelos,21/10/2017,1169,17,81.7,21.6,5
Mexico-Morelos,28/10/2017,1169,23,81.7,21.6,1
Mexico-Morelos,04/11/2017,1169,13,0,20.3,6
Mexico-Morelos,11/11/2017,1169,8,0,20.3,3
Mexico-Morelos,18/11/2017,1169,7,0,20.3,2
Mexico-Nayarit,07/01/2017,278,34,0.5,21.8,0
Mexico-Nayarit,14/01/2017,278,39,0.5,21.8,0
Mexico-Nayarit,21/01/2017,278,48,0.5,21.8,5
Mexico-Nayarit,28/01/2017,278,30,0.5,21.8,2
Mexico-Nayarit,04/02/2017,278,0,11,22.9,0
Mexico-Nayarit,11/02/2017,278,27,11,22.9,5
Mexico-Nayarit,18/02/2017,278,39,11,22.9,2
Mexico-Nayarit,25/02/2017,278,60,11,22.9,1
Mexico-Nayarit,04/03/2017,278,67,1.5,24.7,0
Mexico-Nayarit,11/03/2017,278,66,1.5,24.7,2
Mexico-Nayarit,18/03/2017,278,0,1.5,24.7,5
Mexico-Nayarit,25/03/2017,278,28,1.5,24.7,2
Mexico-Nayarit,01/04/2017,278,20,0.1,25.2,7
Mexico-Nayarit,08/04/2017,278,74,0.1,25.2,0
Mexico-Nayarit,15/04/2017,278,76,0.1,25.2,6
Mexico-Nayarit,22/04/2017,278,86,0.1,25.2,8
Mexico-Nayarit,29/04/2017,278,22,0.1,25.2,2
Mexico-Nayarit,06/05/2017,278,37,1.1,26.9,23
Mexico-Nayarit,13/05/2017,278,66,1.1,26.9,7
Mexico-Nayarit,20/05/2017,278,29,1.1,26.9,6
Mexico-Nayarit,27/05/2017,278,52,1.1,26.9,12
Mexico-Nayarit,03/06/2017,278,27,62.6,28.6,6
Mexico-Nayarit,10/06/2017,278,100,62.6,28.6,1
Mexico-Nayarit,17/06/2017,278,95,62.6,28.6,15
Mexico-Nayarit,24/06/2017,278,43,62.6,28.6,11
Mexico-Nayarit,01/07/2017,278,69,279.1,28.5,1
Mexico-Nayarit,08/07/2017,278,16,279.1,28.5,12
Mexico-Nayarit,15/07/2017,278,46,279.1,28.5,14
Mexico-Nayarit,22/07/2017,278,26,279.1,28.5,7
Mexico-Nayarit,29/07/2017,278,31,279.1,28.5,6
Mexico-Nayarit,05/08/2017,278,89,346.5,28.4,3
Mexico-Nayarit,12/08/2017,278,58,346.5,28.4,10
Mexico-Nayarit,19/08/2017,278,100,346.5,28.4,5
Mexico-Nayarit,26/08/2017,278,100,346.5,28.4,18
Mexico-Nayarit,02/09/2017,278,100,392.7,27.8,27
Mexico-Nayarit,09/09/2017,278,100,392.7,27.8,12
Mexico-Nayarit,16/09/2017,278,100,392.7,27.8,44
Mexico-Nayarit,23/09/2017,278,100,392.7,27.8,48
Mexico-Nayarit,30/09/2017,278,100,392.7,27.8,27
Mexico-Nayarit,07/10/2017,278,100,102.4,28.1,31
Mexico-Nayarit,14/10/2017,278,100,102.4,28.1,15
Mexico-Nayarit,21/10/2017,278,100,102.4,28.1,35
Mexico-Nayarit,28/10/2017,278,100,102.4,28.1,15
Mexico-Nayarit,04/11/2017,278,100,0.3,26.5,1
Mexico-Nayarit,11/11/2017,278,100,0.3,26.5,29
Mexico-Nayarit,18/11/2017,278,100,0.3,26.5,3
Mexico-Nuevo_Leon,07/01/2017,243,22,10.2,16.8,2
Mexico-Nuevo_Leon,14/01/2017,243,33,10.2,16.8,3
Mexico-Nuevo_Leon,21/01/2017,243,21,10.2,16.8,1
Mexico-Nuevo_Leon,28/01/2017,243,35,10.2,16.8,0
Mexico-Nuevo_Leon,04/02/2017,243,32,7.4,20.4,0
Mexico-Nuevo_Leon,11/02/2017,243,31,7.4,20.4,0
Mexico-Nuevo_Leon,18/02/2017,243,20,7.4,20.4,0
Mexico-Nuevo_Leon,25/02/2017,243,18,7.4,20.4,0
Mexico-Nuevo_Leon,04/03/2017,243,20,50.6,22,0
Mexico-Nuevo_Leon,11/03/2017,243,28,50.6,22,0
Mexico-Nuevo_Leon,18/03/2017,243,27,50.6,22,0
Mexico-Nuevo_Leon,25/03/2017,243,26,50.6,22,0
Mexico-Nuevo_Leon,01/04/2017,243,43,45,23.8,0
Mexico-Nuevo_Leon,08/04/2017,243,15,45,23.8,0
Mexico-Nuevo_Leon,15/04/2017,243,26,45,23.8,0
Mexico-Nuevo_Leon,22/04/2017,243,24,45,23.8,0
Mexico-Nuevo_Leon,29/04/2017,243,12,45,23.8,0
Mexico-Nuevo_Leon,06/05/2017,243,24,60.7,26.2,0
Mexico-Nuevo_Leon,13/05/2017,243,14,60.7,26.2,0
Mexico-Nuevo_Leon,20/05/2017,243,21,60.7,26.2,0
Mexico-Nuevo_Leon,27/05/2017,243,12,60.7,26.2,0
Mexico-Nuevo_Leon,03/06/2017,243,10,45.6,28.3,0
Mexico-Nuevo_Leon,10/06/2017,243,13,45.6,28.3,0
Mexico-Nuevo_Leon,17/06/2017,243,18,45.6,28.3,1
Mexico-Nuevo_Leon,24/06/2017,243,14,45.6,28.3,1
Mexico-Nuevo_Leon,01/07/2017,243,18,31,28,0
Mexico-Nuevo_Leon,08/07/2017,243,10,31,28,0
Mexico-Nuevo_Leon,15/07/2017,243,23,31,28,0
Mexico-Nuevo_Leon,22/07/2017,243,11,31,28,2
Mexico-Nuevo_Leon,29/07/2017,243,10,31,28,3
Mexico-Nuevo_Leon,05/08/2017,243,21,40.6,28.6,2
Mexico-Nuevo_Leon,12/08/2017,243,14,40.6,28.6,8
Mexico-Nuevo_Leon,19/08/2017,243,40,40.6,28.6,2
Mexico-Nuevo_Leon,26/08/2017,243,35,40.6,28.6,7
Mexico-Nuevo_Leon,02/09/2017,243,33,172.1,26.2,7
Mexico-Nuevo_Leon,09/09/2017,243,14,172.1,26.2,10
Mexico-Nuevo_Leon,16/09/2017,243,11,172.1,26.2,1
Mexico-Nuevo_Leon,23/09/2017,243,9,172.1,26.2,7
Mexico-Nuevo_Leon,30/09/2017,243,8,172.1,26.2,1
Mexico-Nuevo_Leon,07/10/2017,243,9,64.9,21.6,4
Mexico-Nuevo_Leon,14/10/2017,243,8,64.9,21.6,5
Mexico-Nuevo_Leon,21/10/2017,243,8,64.9,21.6,13
Mexico-Nuevo_Leon,28/10/2017,243,11,64.9,21.6,5
Mexico-Nuevo_Leon,04/11/2017,243,9,7.8,19.6,1
Mexico-Nuevo_Leon,11/11/2017,243,8,7.8,19.6,6
Mexico-Nuevo_Leon,18/11/2017,243,7,7.8,19.6,2
Mexico-Oaxaca,07/01/2017,1644,25,5.1,22.4,0
Mexico-Oaxaca,14/01/2017,1644,25,5.1,22.4,0
Mexico-Oaxaca,21/01/2017,1644,49,5.1,22.4,0
Mexico-Oaxaca,28/01/2017,1644,30,5.1,22.4,0
Mexico-Oaxaca,04/02/2017,1644,30,5.7,23.2,1
Mexico-Oaxaca,11/02/2017,1644,100,5.7,23.2,0
Mexico-Oaxaca,18/02/2017,1644,26,5.7,23.2,0
Mexico-Oaxaca,25/02/2017,1644,54,5.7,23.2,1
Mexico-Oaxaca,04/03/2017,1644,20,16.4,24.3,0
Mexico-Oaxaca,11/03/2017,1644,53,16.4,24.3,0
Mexico-Oaxaca,18/03/2017,1644,56,16.4,24.3,0
Mexico-Oaxaca,25/03/2017,1644,28,16.4,24.3,0
Mexico-Oaxaca,01/04/2017,1644,15,28,25.6,0
Mexico-Oaxaca,08/04/2017,1644,19,28,25.6,0
Mexico-Oaxaca,15/04/2017,1644,0,28,25.6,0
Mexico-Oaxaca,22/04/2017,1644,27,28,25.6,0
Mexico-Oaxaca,29/04/2017,1644,28,28,25.6,0
Mexico-Oaxaca,06/05/2017,1644,30,156.8,26.7,0
Mexico-Oaxaca,13/05/2017,1644,17,156.8,26.7,0
Mexico-Oaxaca,20/05/2017,1644,15,156.8,26.7,0
Mexico-Oaxaca,27/05/2017,1644,11,156.8,26.7,2
Mexico-Oaxaca,03/06/2017,1644,19,355.6,26,0
Mexico-Oaxaca,10/06/2017,1644,49,355.6,26,0
Mexico-Oaxaca,17/06/2017,1644,27,355.6,26,0
Mexico-Oaxaca,24/06/2017,1644,22,355.6,26,0
Mexico-Oaxaca,01/07/2017,1644,36,183,25.5,0
Mexico-Oaxaca,08/07/2017,1644,17,183,25.5,0
Mexico-Oaxaca,15/07/2017,1644,37,183,25.5,0
Mexico-Oaxaca,22/07/2017,1644,7,183,25.5,0
Mexico-Oaxaca,29/07/2017,1644,12,183,25.5,0
Mexico-Oaxaca,05/08/2017,1644,17,207,25.5,0
Mexico-Oaxaca,12/08/2017,1644,7,207,25.5,0
Mexico-Oaxaca,19/08/2017,1644,19,207,25.5,0
Mexico-Oaxaca,26/08/2017,1644,12,207,25.5,0
Mexico-Oaxaca,02/09/2017,1644,14,320,24.8,0
Mexico-Oaxaca,09/09/2017,1644,5,320,24.8,0
Mexico-Oaxaca,16/09/2017,1644,7,320,24.8,1
Mexico-Oaxaca,23/09/2017,1644,7,320,24.8,0
Mexico-Oaxaca,30/09/2017,1644,4,320,24.8,0
Mexico-Oaxaca,07/10/2017,1644,4,141.8,24.4,0
Mexico-Oaxaca,14/10/2017,1644,3,141.8,24.4,0
Mexico-Oaxaca,21/10/2017,1644,4,141.8,24.4,0
Mexico-Oaxaca,28/10/2017,1644,17,141.8,24.4,0
Mexico-Oaxaca,04/11/2017,1644,2,13.3,23,0
Mexico-Oaxaca,11/11/2017,1644,3,13.3,23,0
Mexico-Oaxaca,18/11/2017,1644,6,13.3,23,0
Mexico-Puebla,07/01/2017,1704,7,4.4,15.7,0
Mexico-Puebla,14/01/2017,1704,3,4.4,15.7,0
Mexico-Puebla,21/01/2017,1704,12,4.4,15.7,0
Mexico-Puebla,28/01/2017,1704,18,4.4,15.7,1
Mexico-Puebla,04/02/2017,1704,11,9,17.1,1
Mexico-Puebla,11/02/2017,1704,22,9,17.1,0
Mexico-Puebla,18/02/2017,1704,11,9,17.1,0
Mexico-Puebla,25/02/2017,1704,22,9,17.1,3
Mexico-Puebla,04/03/2017,1704,19,32.3,18.1,0
Mexico-Puebla,11/03/2017,1704,14,32.3,18.1,1
Mexico-Puebla,18/03/2017,1704,20,32.3,18.1,0
Mexico-Puebla,25/03/2017,1704,48,32.3,18.1,1
Mexico-Puebla,01/04/2017,1704,27,37.4,19.8,0
Mexico-Puebla,08/04/2017,1704,20,37.4,19.8,0
Mexico-Puebla,15/04/2017,1704,30,37.4,19.8,1
Mexico-Puebla,22/04/2017,1704,22,37.4,19.8,0
Mexico-Puebla,29/04/2017,1704,8,37.4,19.8,2
Mexico-Puebla,06/05/2017,1704,4,130.5,21.4,0
Mexico-Puebla,13/05/2017,1704,8,130.5,21.4,1
Mexico-Puebla,20/05/2017,1704,38,130.5,21.4,2
Mexico-Puebla,27/05/2017,1704,6,130.5,21.4,1
Mexico-Puebla,03/06/2017,1704,11,217,20.3,2
Mexico-Puebla,10/06/2017,1704,17,217,20.3,4
Mexico-Puebla,17/06/2017,1704,11,217,20.3,8
Mexico-Puebla,24/06/2017,1704,11,217,20.3,8
Mexico-Puebla,01/07/2017,1704,21,204.3,19.1,1
Mexico-Puebla,08/07/2017,1704,6,204.3,19.1,12
Mexico-Puebla,15/07/2017,1704,17,204.3,19.1,6
Mexico-Puebla,22/07/2017,1704,13,204.3,19.1,5
Mexico-Puebla,29/07/2017,1704,15,204.3,19.1,5
Mexico-Puebla,05/08/2017,1704,20,311.3,19.8,4
Mexico-Puebla,12/08/2017,1704,10,311.3,19.8,2
Mexico-Puebla,19/08/2017,1704,51,311.3,19.8,3
Mexico-Puebla,26/08/2017,1704,14,311.3,19.8,4
Mexico-Puebla,02/09/2017,1704,6,322.5,18.9,1
Mexico-Puebla,09/09/2017,1704,7,322.5,18.9,1
Mexico-Puebla,16/09/2017,1704,7,322.5,18.9,0
Mexico-Puebla,23/09/2017,1704,4,322.5,18.9,8
Mexico-Puebla,30/09/2017,1704,5,322.5,18.9,5
Mexico-Puebla,07/10/2017,1704,5,114.8,18,3
Mexico-Puebla,14/10/2017,1704,2,114.8,18,2
Mexico-Puebla,21/10/2017,1704,3,114.8,18,2
Mexico-Puebla,28/10/2017,1704,2,114.8,18,1
Mexico-Puebla,04/11/2017,1704,3,13.3,16.2,0
Mexico-Puebla,11/11/2017,1704,2,13.3,16.2,3
Mexico-Puebla,18/11/2017,1704,2,13.3,16.2,1
Mexico-Queretaro_de_Arteaga,07/01/2017,1856,12,0.7,16.3,0
Mexico-Queretaro_de_Arteaga,14/01/2017,1856,21,0.7,16.3,0
Mexico-Queretaro_de_Arteaga,21/01/2017,1856,7,0.7,16.3,0
Mexico-Queretaro_de_Arteaga,28/01/2017,1856,11,0.7,16.3,0
Mexico-Queretaro_de_Arteaga,04/02/2017,1856,8,2,18.2,0
Mexico-Queretaro_de_Arteaga,11/02/2017,1856,0,2,18.2,0
Mexico-Queretaro_de_Arteaga,18/02/2017,1856,0,2,18.2,0
Mexico-Queretaro_de_Arteaga,25/02/2017,1856,11,2,18.2,0
Mexico-Queretaro_de_Arteaga,04/03/2017,1856,10,20.9,19.5,0
Mexico-Queretaro_de_Arteaga,11/03/2017,1856,19,20.9,19.5,0
Mexico-Queretaro_de_Arteaga,18/03/2017,1856,0,20.9,19.5,0
Mexico-Queretaro_de_Arteaga,25/03/2017,1856,20,20.9,19.5,0
Mexico-Queretaro_de_Arteaga,01/04/2017,1856,7,17.7,21.6,0
Mexico-Queretaro_de_Arteaga,08/04/2017,1856,14,17.7,21.6,0
Mexico-Queretaro_de_Arteaga,15/04/2017,1856,14,17.7,21.6,0
Mexico-Queretaro_de_Arteaga,22/04/2017,1856,10,17.7,21.6,0
Mexico-Queretaro_de_Arteaga,29/04/2017,1856,10,17.7,21.6,0
Mexico-Queretaro_de_Arteaga,06/05/2017,1856,0,29.6,24.4,0
Mexico-Queretaro_de_Arteaga,13/05/2017,1856,16,29.6,24.4,0
Mexico-Queretaro_de_Arteaga,20/05/2017,1856,0,29.6,24.4,0
Mexico-Queretaro_de_Arteaga,27/05/2017,1856,0,29.6,24.4,0
Mexico-Queretaro_de_Arteaga,03/06/2017,1856,7,83.2,23.5,0
Mexico-Queretaro_de_Arteaga,10/06/2017,1856,12,83.2,23.5,0
Mexico-Queretaro_de_Arteaga,17/06/2017,1856,0,83.2,23.5,0
Mexico-Queretaro_de_Arteaga,24/06/2017,1856,8,83.2,23.5,0
Mexico-Queretaro_de_Arteaga,01/07/2017,1856,0,107.9,21.4,0
Mexico-Queretaro_de_Arteaga,08/07/2017,1856,6,107.9,21.4,0
Mexico-Queretaro_de_Arteaga,15/07/2017,1856,8,107.9,21.4,0
Mexico-Queretaro_de_Arteaga,22/07/2017,1856,7,107.9,21.4,0
Mexico-Queretaro_de_Arteaga,29/07/2017,1856,5,107.9,21.4,0
Mexico-Queretaro_de_Arteaga,05/08/2017,1856,5,92.2,21.7,0
Mexico-Queretaro_de_Arteaga,12/08/2017,1856,7,92.2,21.7,2
Mexico-Queretaro_de_Arteaga,19/08/2017,1856,5,92.2,21.7,0
Mexico-Queretaro_de_Arteaga,26/08/2017,1856,13,92.2,21.7,3
Mexico-Queretaro_de_Arteaga,02/09/2017,1856,10,168,20.5,7
Mexico-Queretaro_de_Arteaga,09/09/2017,1856,3,168,20.5,2
Mexico-Queretaro_de_Arteaga,16/09/2017,1856,5,168,20.5,1
Mexico-Queretaro_de_Arteaga,23/09/2017,1856,2,168,20.5,2
Mexico-Queretaro_de_Arteaga,30/09/2017,1856,3,168,20.5,0
Mexico-Queretaro_de_Arteaga,07/10/2017,1856,12,67.4,19.1,0
Mexico-Queretaro_de_Arteaga,14/10/2017,1856,4,67.4,19.1,0
Mexico-Queretaro_de_Arteaga,21/10/2017,1856,1,67.4,19.1,0
Mexico-Queretaro_de_Arteaga,28/10/2017,1856,4,67.4,19.1,0
Mexico-Queretaro_de_Arteaga,04/11/2017,1856,1,1.3,17.4,0
Mexico-Queretaro_de_Arteaga,11/11/2017,1856,2,1.3,17.4,0
Mexico-Queretaro_de_Arteaga,18/11/2017,1856,0,1.3,17.4,0
Mexico-Quintana_Roo,07/01/2017,31,100,30.5,25.4,1
Mexico-Quintana_Roo,14/01/2017,31,100,30.5,25.4,0
Mexico-Quintana_Roo,21/01/2017,31,100,30.5,25.4,0
Mexico-Quintana_Roo,28/01/2017,31,100,30.5,25.4,1
Mexico-Quintana_Roo,04/02/2017,31,100,9.5,26.6,0
Mexico-Quintana_Roo,11/02/2017,31,78,9.5,26.6,0
Mexico-Quintana_Roo,18/02/2017,31,100,9.5,26.6,0
Mexico-Quintana_Roo,25/02/2017,31,95,9.5,26.6,0
Mexico-Quintana_Roo,04/03/2017,31,74,25.6,26.4,1
Mexico-Quintana_Roo,11/03/2017,31,100,25.6,26.4,0
Mexico-Quintana_Roo,18/03/2017,31,100,25.6,26.4,0
Mexico-Quintana_Roo,25/03/2017,31,53,25.6,26.4,0
Mexico-Quintana_Roo,01/04/2017,31,32,76.5,28.2,0
Mexico-Quintana_Roo,08/04/2017,31,100,76.5,28.2,0
Mexico-Quintana_Roo,15/04/2017,31,81,76.5,28.2,0
Mexico-Quintana_Roo,22/04/2017,31,94,76.5,28.2,0
Mexico-Quintana_Roo,29/04/2017,31,100,76.5,28.2,0
Mexico-Quintana_Roo,06/05/2017,31,100,64.1,29.7,0
Mexico-Quintana_Roo,13/05/2017,31,73,64.1,29.7,0
Mexico-Quintana_Roo,20/05/2017,31,100,64.1,29.7,1
Mexico-Quintana_Roo,27/05/2017,31,100,64.1,29.7,0
Mexico-Quintana_Roo,03/06/2017,31,100,241,29.5,0
Mexico-Quintana_Roo,10/06/2017,31,78,241,29.5,1
Mexico-Quintana_Roo,17/06/2017,31,100,241,29.5,0
Mexico-Quintana_Roo,24/06/2017,31,100,241,29.5,1
Mexico-Quintana_Roo,01/07/2017,31,100,111,29.8,0
Mexico-Quintana_Roo,08/07/2017,31,100,111,29.8,0
Mexico-Quintana_Roo,15/07/2017,31,100,111,29.8,0
Mexico-Quintana_Roo,22/07/2017,31,58,111,29.8,0
Mexico-Quintana_Roo,29/07/2017,31,53,111,29.8,0
Mexico-Quintana_Roo,05/08/2017,31,41,205.1,29.9,0
Mexico-Quintana_Roo,12/08/2017,31,43,205.1,29.9,0
Mexico-Quintana_Roo,19/08/2017,31,50,205.1,29.9,0
Mexico-Quintana_Roo,26/08/2017,31,22,205.1,29.9,0
Mexico-Quintana_Roo,02/09/2017,31,53,240,29.6,0
Mexico-Quintana_Roo,09/09/2017,31,37,240,29.6,0
Mexico-Quintana_Roo,16/09/2017,31,18,240,29.6,0
Mexico-Quintana_Roo,23/09/2017,31,16,240,29.6,1
Mexico-Quintana_Roo,30/09/2017,31,13,240,29.6,0
Mexico-Quintana_Roo,07/10/2017,31,8,255.2,27.4,0
Mexico-Quintana_Roo,14/10/2017,31,9,255.2,27.4,0
Mexico-Quintana_Roo,21/10/2017,31,10,255.2,27.4,0
Mexico-Quintana_Roo,28/10/2017,31,13,255.2,27.4,0
Mexico-Quintana_Roo,04/11/2017,31,14,94,25.4,0
Mexico-Quintana_Roo,11/11/2017,31,8,94,25.4,0
Mexico-Quintana_Roo,18/11/2017,31,11,94,25.4,0
Mexico-San_Luis_Potosi,07/01/2017,1638,16,1.7,19.2,0
Mexico-San_Luis_Potosi,14/01/2017,1638,0,1.7,19.2,0
Mexico-San_Luis_Potosi,21/01/2017,1638,18,1.7,19.2,1
Mexico-San_Luis_Potosi,28/01/2017,1638,28,1.7,19.2,1
Mexico-San_Luis_Potosi,04/02/2017,1638,0,3.6,21.9,2
Mexico-San_Luis_Potosi,11/02/2017,1638,20,3.6,21.9,0
Mexico-San_Luis_Potosi,18/02/2017,1638,10,3.6,21.9,1
Mexico-San_Luis_Potosi,25/02/2017,1638,29,3.6,21.9,0
Mexico-San_Luis_Potosi,04/03/2017,1638,13,28.1,22.8,0
Mexico-San_Luis_Potosi,11/03/2017,1638,26,28.1,22.8,1
Mexico-San_Luis_Potosi,18/03/2017,1638,15,28.1,22.8,0
Mexico-San_Luis_Potosi,25/03/2017,1638,14,28.1,22.8,1
Mexico-San_Luis_Potosi,01/04/2017,1638,5,25.2,25.3,0
Mexico-San_Luis_Potosi,08/04/2017,1638,18,25.2,25.3,0
Mexico-San_Luis_Potosi,15/04/2017,1638,28,25.2,25.3,1
Mexico-San_Luis_Potosi,22/04/2017,1638,20,25.2,25.3,0
Mexico-San_Luis_Potosi,29/04/2017,1638,18,25.2,25.3,0
Mexico-San_Luis_Potosi,06/05/2017,1638,23,40.9,27.4,3
Mexico-San_Luis_Potosi,13/05/2017,1638,21,40.9,27.4,0
Mexico-San_Luis_Potosi,20/05/2017,1638,27,40.9,27.4,1
Mexico-San_Luis_Potosi,27/05/2017,1638,15,40.9,27.4,4
Mexico-San_Luis_Potosi,03/06/2017,1638,27,62.5,27.8,4
Mexico-San_Luis_Potosi,10/06/2017,1638,23,62.5,27.8,5
Mexico-San_Luis_Potosi,17/06/2017,1638,25,62.5,27.8,6
Mexico-San_Luis_Potosi,24/06/2017,1638,51,62.5,27.8,12
Mexico-San_Luis_Potosi,01/07/2017,1638,33,118.1,25.7,13
Mexico-San_Luis_Potosi,08/07/2017,1638,19,118.1,25.7,17
Mexico-San_Luis_Potosi,15/07/2017,1638,43,118.1,25.7,15
Mexico-San_Luis_Potosi,22/07/2017,1638,44,118.1,25.7,3
Mexico-San_Luis_Potosi,29/07/2017,1638,56,118.1,25.7,18
Mexico-San_Luis_Potosi,05/08/2017,1638,68,96.3,27.2,14
Mexico-San_Luis_Potosi,12/08/2017,1638,71,96.3,27.2,19
Mexico-San_Luis_Potosi,19/08/2017,1638,70,96.3,27.2,11
Mexico-San_Luis_Potosi,26/08/2017,1638,74,96.3,27.2,30
Mexico-San_Luis_Potosi,02/09/2017,1638,63,145,25,23
Mexico-San_Luis_Potosi,09/09/2017,1638,52,145,25,20
Mexico-San_Luis_Potosi,16/09/2017,1638,35,145,25,44
Mexico-San_Luis_Potosi,23/09/2017,1638,33,145,25,28
Mexico-San_Luis_Potosi,30/09/2017,1638,16,145,25,24
Mexico-San_Luis_Potosi,07/10/2017,1638,22,85.8,22.6,36
Mexico-San_Luis_Potosi,14/10/2017,1638,17,85.8,22.6,12
Mexico-San_Luis_Potosi,21/10/2017,1638,7,85.8,22.6,23
Mexico-San_Luis_Potosi,28/10/2017,1638,11,85.8,22.6,13
Mexico-San_Luis_Potosi,04/11/2017,1638,4,1.4,21.5,15
Mexico-San_Luis_Potosi,11/11/2017,1638,6,1.4,21.5,7
Mexico-San_Luis_Potosi,18/11/2017,1638,5,1.4,21.5,14
Mexico-Sinaloa,07/01/2017,139,9,3.8,20,3
Mexico-Sinaloa,14/01/2017,139,7,3.8,20,0
Mexico-Sinaloa,21/01/2017,139,18,3.8,20,0
Mexico-Sinaloa,28/01/2017,139,11,3.8,20,2
Mexico-Sinaloa,04/02/2017,139,8,30.2,21,0
Mexico-Sinaloa,11/02/2017,139,0,30.2,21,0
Mexico-Sinaloa,18/02/2017,139,8,30.2,21,1
Mexico-Sinaloa,25/02/2017,139,34,30.2,21,0
Mexico-Sinaloa,04/03/2017,139,35,3.6,24,0
Mexico-Sinaloa,11/03/2017,139,15,3.6,24,0
Mexico-Sinaloa,18/03/2017,139,17,3.6,24,0
Mexico-Sinaloa,25/03/2017,139,0,3.6,24,0
Mexico-Sinaloa,01/04/2017,139,5,0.5,24.7,0
Mexico-Sinaloa,08/04/2017,139,14,0.5,24.7,0
Mexico-Sinaloa,15/04/2017,139,14,0.5,24.7,0
Mexico-Sinaloa,22/04/2017,139,10,0.5,24.7,0
Mexico-Sinaloa,29/04/2017,139,5,0.5,24.7,0
Mexico-Sinaloa,06/05/2017,139,9,0.7,26.6,0
Mexico-Sinaloa,13/05/2017,139,0,0.7,26.6,0
Mexico-Sinaloa,20/05/2017,139,20,0.7,26.6,0
Mexico-Sinaloa,27/05/2017,139,7,0.7,26.6,0
Mexico-Sinaloa,03/06/2017,139,7,12.5,29.8,0
Mexico-Sinaloa,10/06/2017,139,11,12.5,29.8,0
Mexico-Sinaloa,17/06/2017,139,8,12.5,29.8,0
Mexico-Sinaloa,24/06/2017,139,15,12.5,29.8,0
Mexico-Sinaloa,01/07/2017,139,8,169.5,30.7,1
Mexico-Sinaloa,08/07/2017,139,11,169.5,30.7,0
Mexico-Sinaloa,15/07/2017,139,12,169.5,30.7,0
Mexico-Sinaloa,22/07/2017,139,10,169.5,30.7,0
Mexico-Sinaloa,29/07/2017,139,11,169.5,30.7,0
Mexico-Sinaloa,05/08/2017,139,0,248.3,30.3,0
Mexico-Sinaloa,12/08/2017,139,5,248.3,30.3,0
Mexico-Sinaloa,19/08/2017,139,5,248.3,30.3,0
Mexico-Sinaloa,26/08/2017,139,9,248.3,30.3,0
Mexico-Sinaloa,02/09/2017,139,5,162.9,29.6,0
Mexico-Sinaloa,09/09/2017,139,11,162.9,29.6,0
Mexico-Sinaloa,16/09/2017,139,2,162.9,29.6,3
Mexico-Sinaloa,23/09/2017,139,7,162.9,29.6,1
Mexico-Sinaloa,30/09/2017,139,7,162.9,29.6,3
Mexico-Sinaloa,07/10/2017,139,4,49,29.7,1
Mexico-Sinaloa,14/10/2017,139,2,49,29.7,5
Mexico-Sinaloa,21/10/2017,139,3,49,29.7,14
Mexico-Sinaloa,28/10/2017,139,8,49,29.7,9
Mexico-Sinaloa,04/11/2017,139,2,0.1,26.1,15
Mexico-Sinaloa,11/11/2017,139,2,0.1,26.1,21
Mexico-Sinaloa,18/11/2017,139,5,0.1,26.1,6
Mexico-Sonora,07/01/2017,592,5,41.6,14,0
Mexico-Sonora,14/01/2017,592,0,41.6,14,0
Mexico-Sonora,21/01/2017,592,6,41.6,14,0
Mexico-Sonora,28/01/2017,592,10,41.6,14,0
Mexico-Sonora,04/02/2017,592,10,31.3,17.3,0
Mexico-Sonora,11/02/2017,592,19,31.3,17.3,0
Mexico-Sonora,18/02/2017,592,7,31.3,17.3,0
Mexico-Sonora,25/02/2017,592,10,31.3,17.3,0
Mexico-Sonora,04/03/2017,592,18,0.5,20.8,0
Mexico-Sonora,11/03/2017,592,0,0.5,20.8,0
Mexico-Sonora,18/03/2017,592,11,0.5,20.8,0
Mexico-Sonora,25/03/2017,592,0,0.5,20.8,0
Mexico-Sonora,01/04/2017,592,5,0.5,22.6,0
Mexico-Sonora,08/04/2017,592,13,0.5,22.6,0
Mexico-Sonora,15/04/2017,592,19,0.5,22.6,0
Mexico-Sonora,22/04/2017,592,0,0.5,22.6,0
Mexico-Sonora,29/04/2017,592,5,0.5,22.6,0
Mexico-Sonora,06/05/2017,592,8,4.8,24.3,0
Mexico-Sonora,13/05/2017,592,8,4.8,24.3,0
Mexico-Sonora,20/05/2017,592,0,4.8,24.3,0
Mexico-Sonora,27/05/2017,592,7,4.8,24.3,0
Mexico-Sonora,03/06/2017,592,0,12.5,30,0
Mexico-Sonora,10/06/2017,592,0,12.5,30,0
Mexico-Sonora,17/06/2017,592,7,12.5,30,0
Mexico-Sonora,24/06/2017,592,7,12.5,30,0
Mexico-Sonora,01/07/2017,592,8,182.9,29.7,0
Mexico-Sonora,08/07/2017,592,8,182.9,29.7,0
Mexico-Sonora,15/07/2017,592,16,182.9,29.7,0
Mexico-Sonora,22/07/2017,592,4,182.9,29.7,0
Mexico-Sonora,29/07/2017,592,5,182.9,29.7,0
Mexico-Sonora,05/08/2017,592,5,93.9,29.9,0
Mexico-Sonora,12/08/2017,592,5,93.9,29.9,0
Mexico-Sonora,19/08/2017,592,5,93.9,29.9,2
Mexico-Sonora,26/08/2017,592,6,93.9,29.9,1
Mexico-Sonora,02/09/2017,592,0,39.4,27.9,2
Mexico-Sonora,09/09/2017,592,3,39.4,27.9,0
Mexico-Sonora,16/09/2017,592,2,39.4,27.9,0
Mexico-Sonora,23/09/2017,592,2,39.4,27.9,0
Mexico-Sonora,30/09/2017,592,5,39.4,27.9,0
Mexico-Sonora,07/10/2017,592,2,4.3,26.4,3
Mexico-Sonora,14/10/2017,592,1,4.3,26.4,3
Mexico-Sonora,21/10/2017,592,1,4.3,26.4,8
Mexico-Sonora,28/10/2017,592,2,4.3,26.4,2
Mexico-Sonora,04/11/2017,592,2,2.5,22,10
Mexico-Sonora,11/11/2017,592,2,2.5,22,9
Mexico-Sonora,18/11/2017,592,1,2.5,22,7
Mexico-State_Of_Mexico,07/01/2017,2605,5,0.1,11.7,0
Mexico-State_Of_Mexico,14/01/2017,2605,8,0.1,11.7,0
Mexico-State_Of_Mexico,21/01/2017,2605,4,0.1,11.7,0
Mexico-State_Of_Mexico,28/01/2017,2605,10,0.1,11.7,0
Mexico-State_Of_Mexico,04/02/2017,2605,9,1.1,12.8,0
Mexico-State_Of_Mexico,11/02/2017,2605,5,1.1,12.8,0
Mexico-State_Of_Mexico,18/02/2017,2605,6,1.1,12.8,0
Mexico-State_Of_Mexico,25/02/2017,2605,6,1.1,12.8,0
Mexico-State_Of_Mexico,04/03/2017,2605,7,17,14.2,0
Mexico-State_Of_Mexico,11/03/2017,2605,9,17,14.2,0
Mexico-State_Of_Mexico,18/03/2017,2605,13,17,14.2,0
Mexico-State_Of_Mexico,25/03/2017,2605,18,17,14.2,0
Mexico-State_Of_Mexico,01/04/2017,2605,23,14.3,15.7,0
Mexico-State_Of_Mexico,08/04/2017,2605,11,14.3,15.7,0
Mexico-State_Of_Mexico,15/04/2017,2605,11,14.3,15.7,0
Mexico-State_Of_Mexico,22/04/2017,2605,13,14.3,15.7,0
Mexico-State_Of_Mexico,29/04/2017,2605,5,14.3,15.7,0
Mexico-State_Of_Mexico,06/05/2017,2605,4,86.6,17.8,0
Mexico-State_Of_Mexico,13/05/2017,2605,5,86.6,17.8,0
Mexico-State_Of_Mexico,20/05/2017,2605,4,86.6,17.8,0
Mexico-State_Of_Mexico,27/05/2017,2605,5,86.6,17.8,0
Mexico-State_Of_Mexico,03/06/2017,2605,4,119.7,17.3,0
Mexico-State_Of_Mexico,10/06/2017,2605,10,119.7,17.3,0
Mexico-State_Of_Mexico,17/06/2017,2605,5,119.7,17.3,0
Mexico-State_Of_Mexico,24/06/2017,2605,4,119.7,17.3,0
Mexico-State_Of_Mexico,01/07/2017,2605,6,174.5,15.8,5
Mexico-State_Of_Mexico,08/07/2017,2605,3,174.5,15.8,6
Mexico-State_Of_Mexico,15/07/2017,2605,6,174.5,15.8,0
Mexico-State_Of_Mexico,22/07/2017,2605,4,174.5,15.8,0
Mexico-State_Of_Mexico,29/07/2017,2605,2,174.5,15.8,0
Mexico-State_Of_Mexico,05/08/2017,2605,5,209.5,16.5,0
Mexico-State_Of_Mexico,12/08/2017,2605,5,209.5,16.5,0
Mexico-State_Of_Mexico,19/08/2017,2605,18,209.5,16.5,1
Mexico-State_Of_Mexico,26/08/2017,2605,10,209.5,16.5,0
Mexico-State_Of_Mexico,02/09/2017,2605,6,186.3,15.7,0
Mexico-State_Of_Mexico,09/09/2017,2605,6,186.3,15.7,0
Mexico-State_Of_Mexico,16/09/2017,2605,5,186.3,15.7,0
Mexico-State_Of_Mexico,23/09/2017,2605,4,186.3,15.7,0
Mexico-State_Of_Mexico,30/09/2017,2605,3,186.3,15.7,0
Mexico-State_Of_Mexico,07/10/2017,2605,3,53,14.6,0
Mexico-State_Of_Mexico,14/10/2017,2605,1,53,14.6,0
Mexico-State_Of_Mexico,21/10/2017,2605,4,53,14.6,0
Mexico-State_Of_Mexico,28/10/2017,2605,3,53,14.6,8
Mexico-State_Of_Mexico,04/11/2017,2605,2,3.3,12.7,0
Mexico-State_Of_Mexico,11/11/2017,2605,2,3.3,12.7,0
Mexico-State_Of_Mexico,18/11/2017,2605,2,3.3,12.7,0
Mexico-Tabasco,07/01/2017,1,16,84.3,24.5,0
Mexico-Tabasco,14/01/2017,1,50,84.3,24.5,1
Mexico-Tabasco,21/01/2017,1,25,84.3,24.5,0
Mexico-Tabasco,28/01/2017,1,40,84.3,24.5,3
Mexico-Tabasco,04/02/2017,1,26,32.4,26,0
Mexico-Tabasco,11/02/2017,1,60,32.4,26,0
Mexico-Tabasco,18/02/2017,1,31,32.4,26,1
Mexico-Tabasco,25/02/2017,1,29,32.4,26,0
Mexico-Tabasco,04/03/2017,1,100,61.1,26.9,0
Mexico-Tabasco,11/03/2017,1,25,61.1,26.9,1
Mexico-Tabasco,18/03/2017,1,20,61.1,26.9,0
Mexico-Tabasco,25/03/2017,1,26,61.1,26.9,0
Mexico-Tabasco,01/04/2017,1,12,97.6,28.7,1
Mexico-Tabasco,08/04/2017,1,24,97.6,28.7,0
Mexico-Tabasco,15/04/2017,1,48,97.6,28.7,0
Mexico-Tabasco,22/04/2017,1,44,97.6,28.7,0
Mexico-Tabasco,29/04/2017,1,0,97.6,28.7,0
Mexico-Tabasco,06/05/2017,1,14,143.2,29.9,0
Mexico-Tabasco,13/05/2017,1,13,143.2,29.9,1
Mexico-Tabasco,20/05/2017,1,34,143.2,29.9,0
Mexico-Tabasco,27/05/2017,1,13,143.2,29.9,0
Mexico-Tabasco,03/06/2017,1,17,285.5,28.5,0
Mexico-Tabasco,10/06/2017,1,40,285.5,28.5,2
Mexico-Tabasco,17/06/2017,1,13,285.5,28.5,0
Mexico-Tabasco,24/06/2017,1,27,285.5,28.5,0
Mexico-Tabasco,01/07/2017,1,22,157.5,28.7,0
Mexico-Tabasco,08/07/2017,1,30,157.5,28.7,0
Mexico-Tabasco,15/07/2017,1,0,157.5,28.7,0
Mexico-Tabasco,22/07/2017,1,9,157.5,28.7,0
Mexico-Tabasco,29/07/2017,1,10,157.5,28.7,0
Mexico-Tabasco,05/08/2017,1,10,207.3,28.7,0
Mexico-Tabasco,12/08/2017,1,13,207.3,28.7,0
Mexico-Tabasco,19/08/2017,1,18,207.3,28.7,0
Mexico-Tabasco,26/08/2017,1,52,207.3,28.7,0
Mexico-Tabasco,02/09/2017,1,74,377.5,28.2,0
Mexico-Tabasco,09/09/2017,1,16,377.5,28.2,0
Mexico-Tabasco,16/09/2017,1,4,377.5,28.2,0
Mexico-Tabasco,23/09/2017,1,4,377.5,28.2,0
Mexico-Tabasco,30/09/2017,1,6,377.5,28.2,0
Mexico-Tabasco,07/10/2017,1,4,414,26.7,0
Mexico-Tabasco,14/10/2017,1,4,414,26.7,0
Mexico-Tabasco,21/10/2017,1,0,414,26.7,0
Mexico-Tabasco,28/10/2017,1,7,414,26.7,0
Mexico-Tabasco,04/11/2017,1,2,98.2,25.1,1
Mexico-Tabasco,11/11/2017,1,6,98.2,25.1,1
Mexico-Tabasco,18/11/2017,1,7,98.2,25.1,1
Mexico-Tamaulipas,07/01/2017,126,28,8.3,20.3,0
Mexico-Tamaulipas,14/01/2017,126,23,8.3,20.3,0
Mexico-Tamaulipas,21/01/2017,126,32,8.3,20.3,0
Mexico-Tamaulipas,28/01/2017,126,35,8.3,20.3,0
Mexico-Tamaulipas,04/02/2017,126,24,14.9,23.2,1
Mexico-Tamaulipas,11/02/2017,126,10,14.9,23.2,0
Mexico-Tamaulipas,18/02/2017,126,14,14.9,23.2,2
Mexico-Tamaulipas,25/02/2017,126,37,14.9,23.2,0
Mexico-Tamaulipas,04/03/2017,126,19,57.9,24.1,1
Mexico-Tamaulipas,11/03/2017,126,9,57.9,24.1,0
Mexico-Tamaulipas,18/03/2017,126,28,57.9,24.1,0
Mexico-Tamaulipas,25/03/2017,126,30,57.9,24.1,0
Mexico-Tamaulipas,01/04/2017,126,11,36.2,26,0
Mexico-Tamaulipas,08/04/2017,126,38,36.2,26,0
Mexico-Tamaulipas,15/04/2017,126,53,36.2,26,2
Mexico-Tamaulipas,22/04/2017,126,30,36.2,26,0
Mexico-Tamaulipas,29/04/2017,126,5,36.2,26,0
Mexico-Tamaulipas,06/05/2017,126,8,70.8,28.1,0
Mexico-Tamaulipas,13/05/2017,126,20,70.8,28.1,0
Mexico-Tamaulipas,20/05/2017,126,36,70.8,28.1,0
Mexico-Tamaulipas,27/05/2017,126,15,70.8,28.1,7
Mexico-Tamaulipas,03/06/2017,126,34,61.7,29.9,0
Mexico-Tamaulipas,10/06/2017,126,65,61.7,29.9,0
Mexico-Tamaulipas,17/06/2017,126,26,61.7,29.9,8
Mexico-Tamaulipas,24/06/2017,126,69,61.7,29.9,5
Mexico-Tamaulipas,01/07/2017,126,74,79,29.1,11
Mexico-Tamaulipas,08/07/2017,126,58,79,29.1,32
Mexico-Tamaulipas,15/07/2017,126,82,79,29.1,7
Mexico-Tamaulipas,22/07/2017,126,100,79,29.1,15
Mexico-Tamaulipas,29/07/2017,126,100,79,29.1,1
Mexico-Tamaulipas,05/08/2017,126,100,68.3,30.2,54
Mexico-Tamaulipas,12/08/2017,126,100,68.3,30.2,6
Mexico-Tamaulipas,19/08/2017,126,96,68.3,30.2,101
Mexico-Tamaulipas,26/08/2017,126,71,68.3,30.2,39
Mexico-Tamaulipas,02/09/2017,126,85,129.2,28.1,24
Mexico-Tamaulipas,09/09/2017,126,68,129.2,28.1,41
Mexico-Tamaulipas,16/09/2017,126,33,129.2,28.1,0
Mexico-Tamaulipas,23/09/2017,126,31,129.2,28.1,9
Mexico-Tamaulipas,30/09/2017,126,22,129.2,28.1,58
Mexico-Tamaulipas,07/10/2017,126,23,113.9,24.2,50
Mexico-Tamaulipas,14/10/2017,126,14,113.9,24.2,12
Mexico-Tamaulipas,21/10/2017,126,16,113.9,24.2,74
Mexico-Tamaulipas,28/10/2017,126,20,113.9,24.2,1
Mexico-Tamaulipas,04/11/2017,126,9,12.2,22.7,7
Mexico-Tamaulipas,11/11/2017,126,14,12.2,22.7,10
Mexico-Tamaulipas,18/11/2017,126,10,12.2,22.7,4
Mexico-Tlaxcala,07/01/2017,2425,0,0.4,12.5,0
Mexico-Tlaxcala,14/01/2017,2425,0,0.4,12.5,0
Mexico-Tlaxcala,21/01/2017,2425,0,0.4,12.5,0
Mexico-Tlaxcala,28/01/2017,2425,0,0.4,12.5,0
Mexico-Tlaxcala,04/02/2017,2425,23,0.4,13.5,0
Mexico-Tlaxcala,11/02/2017,2425,0,0.4,13.5,0
Mexico-Tlaxcala,18/02/2017,2425,0,0.4,13.5,0
Mexico-Tlaxcala,25/02/2017,2425,35,0.4,13.5,0
Mexico-Tlaxcala,04/03/2017,2425,30,19.4,14.5,0
Mexico-Tlaxcala,11/03/2017,2425,0,19.4,14.5,0
Mexico-Tlaxcala,18/03/2017,2425,0,19.4,14.5,0
Mexico-Tlaxcala,25/03/2017,2425,0,19.4,14.5,0
Mexico-Tlaxcala,01/04/2017,2425,11,21.2,16.1,0
Mexico-Tlaxcala,08/04/2017,2425,0,21.2,16.1,0
Mexico-Tlaxcala,15/04/2017,2425,44,21.2,16.1,0
Mexico-Tlaxcala,22/04/2017,2425,33,21.2,16.1,0
Mexico-Tlaxcala,29/04/2017,2425,0,21.2,16.1,0
Mexico-Tlaxcala,06/05/2017,2425,27,79.9,18.4,0
Mexico-Tlaxcala,13/05/2017,2425,0,79.9,18.4,0
Mexico-Tlaxcala,20/05/2017,2425,0,79.9,18.4,0
Mexico-Tlaxcala,27/05/2017,2425,0,79.9,18.4,0
Mexico-Tlaxcala,03/06/2017,2425,0,98.5,17.2,0
Mexico-Tlaxcala,10/06/2017,2425,37,98.5,17.2,0
Mexico-Tlaxcala,17/06/2017,2425,24,98.5,17.2,0
Mexico-Tlaxcala,24/06/2017,2425,0,98.5,17.2,0
Mexico-Tlaxcala,01/07/2017,2425,27,146.6,16.7,0
Mexico-Tlaxcala,08/07/2017,2425,19,146.6,16.7,0
Mexico-Tlaxcala,15/07/2017,2425,0,146.6,16.7,0
Mexico-Tlaxcala,22/07/2017,2425,16,146.6,16.7,0
Mexico-Tlaxcala,29/07/2017,2425,0,146.6,16.7,0
Mexico-Tlaxcala,05/08/2017,2425,0,167.4,17.5,0
Mexico-Tlaxcala,12/08/2017,2425,0,167.4,17.5,0
Mexico-Tlaxcala,19/08/2017,2425,17,167.4,17.5,0
Mexico-Tlaxcala,26/08/2017,2425,0,167.4,17.5,0
Mexico-Tlaxcala,02/09/2017,2425,0,123.6,17.1,0
Mexico-Tlaxcala,09/09/2017,2425,10,123.6,17.1,0
Mexico-Tlaxcala,16/09/2017,2425,8,123.6,17.1,0
Mexico-Tlaxcala,23/09/2017,2425,0,123.6,17.1,0
Mexico-Tlaxcala,30/09/2017,2425,5,123.6,17.1,0
Mexico-Tlaxcala,07/10/2017,2425,0,30.3,15.5,0
Mexico-Tlaxcala,14/10/2017,2425,0,30.3,15.5,0
Mexico-Tlaxcala,21/10/2017,2425,0,30.3,15.5,0
Mexico-Tlaxcala,28/10/2017,2425,0,30.3,15.5,0
Mexico-Tlaxcala,04/11/2017,2425,3,2.4,13.5,0
Mexico-Tlaxcala,11/11/2017,2425,0,2.4,13.5,0
Mexico-Tlaxcala,18/11/2017,2425,0,2.4,13.5,0
Mexico-Veracruz_de_Ignacio_de_la_Llave,07/01/2017,10,24,36.9,20.7,0
Mexico-Veracruz_de_Ignacio_de_la_Llave,14/01/2017,10,22,36.9,20.7,0
Mexico-Veracruz_de_Ignacio_de_la_Llave,21/01/2017,10,30,36.9,20.7,0
Mexico-Veracruz_de_Ignacio_de_la_Llave,28/01/2017,10,26,36.9,20.7,1
Mexico-Veracruz_de_Ignacio_de_la_Llave,04/02/2017,10,24,32.6,22,1
Mexico-Veracruz_de_Ignacio_de_la_Llave,11/02/2017,10,29,32.6,22,2
Mexico-Veracruz_de_Ignacio_de_la_Llave,18/02/2017,10,46,32.6,22,0
Mexico-Veracruz_de_Ignacio_de_la_Llave,25/02/2017,10,50,32.6,22,1
Mexico-Veracruz_de_Ignacio_de_la_Llave,04/03/2017,10,28,65.4,22.4,0
Mexico-Veracruz_de_Ignacio_de_la_Llave,11/03/2017,10,32,65.4,22.4,0
Mexico-Veracruz_de_Ignacio_de_la_Llave,18/03/2017,10,27,65.4,22.4,1
Mexico-Veracruz_de_Ignacio_de_la_Llave,25/03/2017,10,48,65.4,22.4,0
Mexico-Veracruz_de_Ignacio_de_la_Llave,01/04/2017,10,100,35.3,24.6,0
Mexico-Veracruz_de_Ignacio_de_la_Llave,08/04/2017,10,41,35.3,24.6,0
Mexico-Veracruz_de_Ignacio_de_la_Llave,15/04/2017,10,32,35.3,24.6,3
Mexico-Veracruz_de_Ignacio_de_la_Llave,22/04/2017,10,44,35.3,24.6,1
Mexico-Veracruz_de_Ignacio_de_la_Llave,29/04/2017,10,14,35.3,24.6,0
Mexico-Veracruz_de_Ignacio_de_la_Llave,06/05/2017,10,17,110,26.1,0
Mexico-Veracruz_de_Ignacio_de_la_Llave,13/05/2017,10,12,110,26.1,0
Mexico-Veracruz_de_Ignacio_de_la_Llave,20/05/2017,10,22,110,26.1,0
Mexico-Veracruz_de_Ignacio_de_la_Llave,27/05/2017,10,18,110,26.1,1
Mexico-Veracruz_de_Ignacio_de_la_Llave,03/06/2017,10,11,181.7,25.8,0
Mexico-Veracruz_de_Ignacio_de_la_Llave,10/06/2017,10,30,181.7,25.8,1
Mexico-Veracruz_de_Ignacio_de_la_Llave,17/06/2017,10,16,181.7,25.8,4
Mexico-Veracruz_de_Ignacio_de_la_Llave,24/06/2017,10,43,181.7,25.8,0
Mexico-Veracruz_de_Ignacio_de_la_Llave,01/07/2017,10,44,245.1,24.5,0
Mexico-Veracruz_de_Ignacio_de_la_Llave,08/07/2017,10,24,245.1,24.5,2
Mexico-Veracruz_de_Ignacio_de_la_Llave,15/07/2017,10,12,245.1,24.5,0
Mexico-Veracruz_de_Ignacio_de_la_Llave,22/07/2017,10,11,245.1,24.5,1
Mexico-Veracruz_de_Ignacio_de_la_Llave,29/07/2017,10,14,245.1,24.5,1
Mexico-Veracruz_de_Ignacio_de_la_Llave,05/08/2017,10,16,199.7,25.5,1
Mexico-Veracruz_de_Ignacio_de_la_Llave,12/08/2017,10,14,199.7,25.5,1
Mexico-Veracruz_de_Ignacio_de_la_Llave,19/08/2017,10,25,199.7,25.5,2
Mexico-Veracruz_de_Ignacio_de_la_Llave,26/08/2017,10,17,199.7,25.5,1
Mexico-Veracruz_de_Ignacio_de_la_Llave,02/09/2017,10,21,429,24.4,2
Mexico-Veracruz_de_Ignacio_de_la_Llave,09/09/2017,10,10,429,24.4,7
Mexico-Veracruz_de_Ignacio_de_la_Llave,16/09/2017,10,9,429,24.4,1
Mexico-Veracruz_de_Ignacio_de_la_Llave,23/09/2017,10,12,429,24.4,12
Mexico-Veracruz_de_Ignacio_de_la_Llave,30/09/2017,10,7,429,24.4,13
Mexico-Veracruz_de_Ignacio_de_la_Llave,07/10/2017,10,6,314.9,22.8,15
Mexico-Veracruz_de_Ignacio_de_la_Llave,14/10/2017,10,4,314.9,22.8,1
Mexico-Veracruz_de_Ignacio_de_la_Llave,21/10/2017,10,2,314.9,22.8,21
Mexico-Veracruz_de_Ignacio_de_la_Llave,28/10/2017,10,6,314.9,22.8,5
Mexico-Veracruz_de_Ignacio_de_la_Llave,04/11/2017,10,3,43.3,21.3,8
Mexico-Veracruz_de_Ignacio_de_la_Llave,11/11/2017,10,4,43.3,21.3,3
Mexico-Veracruz_de_Ignacio_de_la_Llave,18/11/2017,10,4,43.3,21.3,5
Mexico-Yucatan,07/01/2017,30,28,19.5,24.2,0
Mexico-Yucatan,14/01/2017,30,51,19.5,24.2,2
Mexico-Yucatan,21/01/2017,30,38,19.5,24.2,1
Mexico-Yucatan,28/01/2017,30,32,19.5,24.2,1
Mexico-Yucatan,04/02/2017,30,46,2.1,25.7,0
Mexico-Yucatan,11/02/2017,30,34,2.1,25.7,2
Mexico-Yucatan,18/02/2017,30,15,2.1,25.7,0
Mexico-Yucatan,25/02/2017,30,56,2.1,25.7,1
Mexico-Yucatan,04/03/2017,30,38,7.5,25.9,0
Mexico-Yucatan,11/03/2017,30,77,7.5,25.9,2
Mexico-Yucatan,18/03/2017,30,68,7.5,25.9,0
Mexico-Yucatan,25/03/2017,30,34,7.5,25.9,2
Mexico-Yucatan,01/04/2017,30,9,51.7,28.3,0
Mexico-Yucatan,08/04/2017,30,46,51.7,28.3,0
Mexico-Yucatan,15/04/2017,30,68,51.7,28.3,0
Mexico-Yucatan,22/04/2017,30,25,51.7,28.3,0
Mexico-Yucatan,29/04/2017,30,5,51.7,28.3,0
Mexico-Yucatan,06/05/2017,30,25,48.4,29.7,0
Mexico-Yucatan,13/05/2017,30,11,48.4,29.7,0
Mexico-Yucatan,20/05/2017,30,29,48.4,29.7,0
Mexico-Yucatan,27/05/2017,30,18,48.4,29.7,0
Mexico-Yucatan,03/06/2017,30,22,229.9,28.7,0
Mexico-Yucatan,10/06/2017,30,32,229.9,28.7,0
Mexico-Yucatan,17/06/2017,30,39,229.9,28.7,0
Mexico-Yucatan,24/06/2017,30,30,229.9,28.7,0
Mexico-Yucatan,01/07/2017,30,8,141.7,28.3,1
Mexico-Yucatan,08/07/2017,30,11,141.7,28.3,0
Mexico-Yucatan,15/07/2017,30,44,141.7,28.3,0
Mexico-Yucatan,22/07/2017,30,12,141.7,28.3,0
Mexico-Yucatan,29/07/2017,30,17,141.7,28.3,3
Mexico-Yucatan,05/08/2017,30,17,160.3,28.6,0
Mexico-Yucatan,12/08/2017,30,10,160.3,28.6,0
Mexico-Yucatan,19/08/2017,30,8,160.3,28.6,0
Mexico-Yucatan,26/08/2017,30,15,160.3,28.6,0
Mexico-Yucatan,02/09/2017,30,30,228.1,28.4,0
Mexico-Yucatan,09/09/2017,30,10,228.1,28.4,0
Mexico-Yucatan,16/09/2017,30,6,228.1,28.4,0
Mexico-Yucatan,23/09/2017,30,6,228.1,28.4,0
Mexico-Yucatan,30/09/2017,30,5,228.1,28.4,0
Mexico-Yucatan,07/10/2017,30,6,154.8,26.6,0
Mexico-Yucatan,14/10/2017,30,4,154.8,26.6,0
Mexico-Yucatan,21/10/2017,30,0,154.8,26.6,0
Mexico-Yucatan,28/10/2017,30,4,154.8,26.6,0
Mexico-Yucatan,04/11/2017,30,4,37.9,24.1,0
Mexico-Yucatan,11/11/2017,30,4,37.9,24.1,0
Mexico-Yucatan,18/11/2017,30,2,37.9,24.1,0
Mexico-Zacatecas,07/01/2017,2061,0,0.4,13.5,0
Mexico-Zacatecas,14/01/2017,2061,0,0.4,13.5,0
Mexico-Zacatecas,21/01/2017,2061,0,0.4,13.5,0
Mexico-Zacatecas,28/01/2017,2061,0,0.4,13.5,0
Mexico-Zacatecas,04/02/2017,2061,20,1.3,14.4,0
Mexico-Zacatecas,11/02/2017,2061,27,1.3,14.4,0
Mexico-Zacatecas,18/02/2017,2061,20,1.3,14.4,0
Mexico-Zacatecas,25/02/2017,2061,0,1.3,14.4,0
Mexico-Zacatecas,04/03/2017,2061,0,18.8,16.9,0
Mexico-Zacatecas,11/03/2017,2061,26,18.8,16.9,0
Mexico-Zacatecas,18/03/2017,2061,0,18.8,16.9,0
Mexico-Zacatecas,25/03/2017,2061,27,18.8,16.9,0
Mexico-Zacatecas,01/04/2017,2061,0,2.6,18.7,0
Mexico-Zacatecas,08/04/2017,2061,0,2.6,18.7,0
Mexico-Zacatecas,15/04/2017,2061,0,2.6,18.7,0
Mexico-Zacatecas,22/04/2017,2061,0,2.6,18.7,0
Mexico-Zacatecas,29/04/2017,2061,14,2.6,18.7,0
Mexico-Zacatecas,06/05/2017,2061,0,10.7,21.9,0
Mexico-Zacatecas,13/05/2017,2061,22,10.7,21.9,0
Mexico-Zacatecas,20/05/2017,2061,28,10.7,21.9,0
Mexico-Zacatecas,27/05/2017,2061,0,10.7,21.9,0
Mexico-Zacatecas,03/06/2017,2061,36,30.7,22.8,0
Mexico-Zacatecas,10/06/2017,2061,0,30.7,22.8,0
Mexico-Zacatecas,17/06/2017,2061,0,30.7,22.8,0
Mexico-Zacatecas,24/06/2017,2061,0,30.7,22.8,0
Mexico-Zacatecas,01/07/2017,2061,45,134.1,20.3,0
Mexico-Zacatecas,08/07/2017,2061,0,134.1,20.3,0
Mexico-Zacatecas,15/07/2017,2061,0,134.1,20.3,0
Mexico-Zacatecas,22/07/2017,2061,0,134.1,20.3,0
Mexico-Zacatecas,29/07/2017,2061,31,134.1,20.3,0
Mexico-Zacatecas,05/08/2017,2061,0,113.5,20.7,0
Mexico-Zacatecas,12/08/2017,2061,14,113.5,20.7,0
Mexico-Zacatecas,19/08/2017,2061,29,113.5,20.7,0
Mexico-Zacatecas,26/08/2017,2061,12,113.5,20.7,0
Mexico-Zacatecas,02/09/2017,2061,13,111.3,18.9,0
Mexico-Zacatecas,09/09/2017,2061,17,111.3,18.9,0
Mexico-Zacatecas,16/09/2017,2061,0,111.3,18.9,0
Mexico-Zacatecas,23/09/2017,2061,0,111.3,18.9,0
Mexico-Zacatecas,30/09/2017,2061,5,111.3,18.9,0
Mexico-Zacatecas,07/10/2017,2061,5,16.3,17.7,0
Mexico-Zacatecas,14/10/2017,2061,0,16.3,17.7,0
Mexico-Zacatecas,21/10/2017,2061,0,16.3,17.7,0
Mexico-Zacatecas,28/10/2017,2061,5,16.3,17.7,0
Mexico-Zacatecas,04/11/2017,2061,6,0.3,15.8,0
Mexico-Zacatecas,11/11/2017,2061,5,0.3,15.8,0
Mexico-Zacatecas,18/11/2017,2061,0,0.3,15.8,0
