"STATION","NAME","DATE","PRCP","TAVG","TMIN"
"BRM00083344","VITORIA DA CONQUISTA, BR","2015-01-01",,"78",
"BRM00083344","VITORIA DA CONQUISTA, BR","2015-01-02",,"76",
"BRM00083344","VITORIA DA CONQUISTA, BR","2015-01-03",,"77",
"BRM00083344","VITORIA DA CONQUISTA, BR","2015-01-04",,"77",
"BRM00083344","VITORIA DA CONQUISTA, BR","2015-01-05",,"74",
"BRM00083344","VITORIA DA CONQUISTA, BR","2015-01-06",,"74",
"BRM00083344","VITORIA DA CONQUISTA, BR","2015-01-07",,"73",
"BRM00083344","VITORIA DA CONQUISTA, BR","2015-01-08",,"73",
"BRM00083344","VITORIA DA CONQUISTA, BR","2015-01-09",,"73",
"BRM00083344","VITORIA DA CONQUISTA, BR","2015-01-10",,"74",
"BRM00083344","VITORIA DA CONQUISTA, BR","2015-01-11",,"78",
"BRM00083344","VITORIA DA CONQUISTA, BR","2015-01-12",,"75",
"BRM00083344","VITORIA DA CONQUISTA, BR","2015-01-13",,"75","58"
"BRM00083344","VITORIA DA CONQUISTA, BR","2015-01-14",,"72",
"BRM00083344","VITORIA DA CONQUISTA, BR","2015-01-15",,"73",
"BRM00083344","VITORIA DA CONQUISTA, BR","2015-01-16",,"75",
"BRM00083344","VITORIA DA CONQUISTA, BR","2015-01-17",,"76",
"BRM00083344","VITORIA DA CONQUISTA, BR","2015-01-18",,"77",
"BRM00083344","VITORIA DA CONQUISTA, BR","2015-01-19",,"76",
"BRM00083344","VITORIA DA CONQUISTA, BR","2015-01-20",,"74",
"BRM00083344","VITORIA DA CONQUISTA, BR","2015-01-21",,"76",
"BRM00083344","VITORIA DA CONQUISTA, BR","2015-01-22",,"76",
"BRM00083344","VITORIA DA CONQUISTA, BR","2015-01-23",,"73",
"BRM00083344","VITORIA DA CONQUISTA, BR","2015-01-24",,"73",
"BRM00083344","VITORIA DA CONQUISTA, BR","2015-01-25",,"73","59"
"BRM00083344","VITORIA DA CONQUISTA, BR","2015-01-26",,"74",
"BRM00083344","VITORIA DA CONQUISTA, BR","2015-01-27",,"76",
"BRM00083344","VITORIA DA CONQUISTA, BR","2015-01-28",,"76",
"BRM00083344","VITORIA DA CONQUISTA, BR","2015-01-29",,"76",
"BRM00083344","VITORIA DA CONQUISTA, BR","2015-01-30",,"77",
"BRM00083344","VITORIA DA CONQUISTA, BR","2015-01-31",,"79",
"BRM00083344","VITORIA DA CONQUISTA, BR","2015-02-01",,"78",
"BRM00083344","VITORIA DA CONQUISTA, BR","2015-02-02",,"76",
"BRM00083344","VITORIA DA CONQUISTA, BR","2015-02-03",,"77",
"BRM00083344","VITORIA DA CONQUISTA, BR","2015-02-04",,"77",
"BRM00083344","VITORIA DA CONQUISTA, BR","2015-02-05",,"74",
"BRM00083344","VITORIA DA CONQUISTA, BR","2015-02-06",,"73",
"BRM00083344","VITORIA DA CONQUISTA, BR","2015-02-07",,"72",
"BRM00083344","VITORIA DA CONQUISTA, BR","2015-02-08",,"73",
"BRM00083344","VITORIA DA CONQUISTA, BR","2015-02-09",,"76",
"BRM00083344","VITORIA DA CONQUISTA, BR","2015-02-10",,"75",
"BRM00083344","VITORIA DA CONQUISTA, BR","2015-02-11",,"76",
"BRM00083344","VITORIA DA CONQUISTA, BR","2015-02-12",,"75",
"BRM00083344","VITORIA DA CONQUISTA, BR","2015-02-13",,"74",
"BRM00083344","VITORIA DA CONQUISTA, BR","2015-02-14",,"76",
"BRM00083344","VITORIA DA CONQUISTA, BR","2015-02-15",,"72",
"BRM00083344","VITORIA DA CONQUISTA, BR","2015-02-16",,"74",
"BRM00083344","VITORIA DA CONQUISTA, BR","2015-02-17",,"76",
"BRM00083344","VITORIA DA CONQUISTA, BR","2015-02-18",,"76",
"BRM00083344","VITORIA DA CONQUISTA, BR","2015-02-19",,"75",
"BRM00083344","VITORIA DA CONQUISTA, BR","2015-02-20",,"74",
"BRM00083344","VITORIA DA CONQUISTA, BR","2015-02-21",,"72",
"BRM00083344","VITORIA DA CONQUISTA, BR","2015-02-22",,"72",
"BRM00083344","VITORIA DA CONQUISTA, BR","2015-02-23",,"70",
"BRM00083344","VITORIA DA CONQUISTA, BR","2015-02-24",,"72",
"BRM00083344","VITORIA DA CONQUISTA, BR","2015-02-25",,"74",
"BRM00083344","VITORIA DA CONQUISTA, BR","2015-02-26",,"76",
"BRM00083344","VITORIA DA CONQUISTA, BR","2015-02-27",,"77",
"BRM00083344","VITORIA DA CONQUISTA, BR","2015-02-28",,"75",
"BRM00083344","VITORIA DA CONQUISTA, BR","2015-03-01",,"73",
"BRM00083344","VITORIA DA CONQUISTA, BR","2015-03-02",,"71",
"BRM00083344","VITORIA DA CONQUISTA, BR","2015-03-03",,"73",
"BRM00083344","VITORIA DA CONQUISTA, BR","2015-03-04",,"73",
"BRM00083344","VITORIA DA CONQUISTA, BR","2015-03-05",,"75",
"BRM00083344","VITORIA DA CONQUISTA, BR","2015-03-06",,"73",
"BRM00083344","VITORIA DA CONQUISTA, BR","2015-03-07",,"76",
"BRM00083344","VITORIA DA CONQUISTA, BR","2015-03-08",,"78",
"BRM00083344","VITORIA DA CONQUISTA, BR","2015-03-09",,"76",
"BRM00083344","VITORIA DA CONQUISTA, BR","2015-03-10",,"77",
"BRM00083344","VITORIA DA CONQUISTA, BR","2015-03-11",,"77",
"BRM00083344","VITORIA DA CONQUISTA, BR","2015-03-12",,"74",
"BRM00083344","VITORIA DA CONQUISTA, BR","2015-03-13",,"77",
"BRM00083344","VITORIA DA CONQUISTA, BR","2015-03-14",,"77",
"BRM00083344","VITORIA DA CONQUISTA, BR","2015-03-15",,"78",
"BRM00083344","VITORIA DA CONQUISTA, BR","2015-03-16",,"73",
"BRM00083344","VITORIA DA CONQUISTA, BR","2015-03-18",,"78",
"BRM00083344","VITORIA DA CONQUISTA, BR","2015-03-19",,"75",
"BRM00083344","VITORIA DA CONQUISTA, BR","2015-03-20",,"76",
"BRM00083344","VITORIA DA CONQUISTA, BR","2015-03-21",,"75",
"BRM00083344","VITORIA DA CONQUISTA, BR","2015-03-22",,"76",
"BRM00083344","VITORIA DA CONQUISTA, BR","2015-03-23",,"76",
"BRM00083344","VITORIA DA CONQUISTA, BR","2015-03-24",,"77",
"BRM00083344","VITORIA DA CONQUISTA, BR","2015-03-25",,"77",
"BRM00083344","VITORIA DA CONQUISTA, BR","2015-03-26",,"74",
"BRM00083344","VITORIA DA CONQUISTA, BR","2015-03-27",,"78",
"BRM00083344","VITORIA DA CONQUISTA, BR","2015-03-28",,"79",
"BRM00083344","VITORIA DA CONQUISTA, BR","2015-03-29",,"78",
"BRM00083344","VITORIA DA CONQUISTA, BR","2015-03-30",,"79",
"BRM00083344","VITORIA DA CONQUISTA, BR","2015-03-31",,"79",
"BRM00083344","VITORIA DA CONQUISTA, BR","2015-04-01",,"78",
"BRM00083344","VITORIA DA CONQUISTA, BR","2015-04-02",,"77",
"BRM00083344","VITORIA DA CONQUISTA, BR","2015-04-03",,"77",
"BRM00083344","VITORIA DA CONQUISTA, BR","2015-04-04",,"74",
"BRM00083344","VITORIA DA CONQUISTA, BR","2015-04-05",,"78",
"BRM00083344","VITORIA DA CONQUISTA, BR","2015-04-06",,"80",
"BRM00083344","VITORIA DA CONQUISTA, BR","2015-04-07",,"77",
"BRM00083344","VITORIA DA CONQUISTA, BR","2015-04-08",,"70",
"BRM00083344","VITORIA DA CONQUISTA, BR","2015-04-09",,"71",
"BRM00083344","VITORIA DA CONQUISTA, BR","2015-04-10",,"72",
"BRM00083344","VITORIA DA CONQUISTA, BR","2015-04-11",,"71",
"BRM00083344","VITORIA DA CONQUISTA, BR","2015-04-12",,"75",
"BRM00083344","VITORIA DA CONQUISTA, BR","2015-04-13",,"77",
"BRM00083344","VITORIA DA CONQUISTA, BR","2015-04-14",,"72",
"BRM00083344","VITORIA DA CONQUISTA, BR","2015-04-15",,"72",
"BRM00083344","VITORIA DA CONQUISTA, BR","2015-04-16",,"76",
"BRM00083344","VITORIA DA CONQUISTA, BR","2015-04-17",,"77",
"BRM00083344","VITORIA DA CONQUISTA, BR","2015-04-18",,"74",
"BRM00083344","VITORIA DA CONQUISTA, BR","2015-04-19",,"76",
"BRM00083344","VITORIA DA CONQUISTA, BR","2015-04-20",,"77",
"BRM00083344","VITORIA DA CONQUISTA, BR","2015-04-21",,"77","61"
"BRM00083344","VITORIA DA CONQUISTA, BR","2015-04-22",,"79",
"BRM00083344","VITORIA DA CONQUISTA, BR","2015-04-23",,"77",
"BRM00083344","VITORIA DA CONQUISTA, BR","2015-04-24",,"74",
"BRM00083344","VITORIA DA CONQUISTA, BR","2015-04-25",,"77",
"BRM00083344","VITORIA DA CONQUISTA, BR","2015-04-26",,"73",
"BRM00083344","VITORIA DA CONQUISTA, BR","2015-04-27",,"71",
"BRM00083344","VITORIA DA CONQUISTA, BR","2015-04-28",,"72",
"BRM00083344","VITORIA DA CONQUISTA, BR","2015-04-29",,"71",
"BRM00083344","VITORIA DA CONQUISTA, BR","2015-04-30",,"68",
"BRM00083344","VITORIA DA CONQUISTA, BR","2015-05-01",,"67",
"BRM00083344","VITORIA DA CONQUISTA, BR","2015-05-02",,"66",
"BRM00083344","VITORIA DA CONQUISTA, BR","2015-05-03",,"68",
"BRM00083344","VITORIA DA CONQUISTA, BR","2015-05-04",,"72",
"BRM00083344","VITORIA DA CONQUISTA, BR","2015-05-05",,"73",
"BRM00083344","VITORIA DA CONQUISTA, BR","2015-05-06",,"75",
"BRM00083344","VITORIA DA CONQUISTA, BR","2015-05-07",,"74",
"BRM00083344","VITORIA DA CONQUISTA, BR","2015-05-08",,"71",
"BRM00083344","VITORIA DA CONQUISTA, BR","2015-05-09",,"69",
"BRM00083344","VITORIA DA CONQUISTA, BR","2015-05-10",,"70",
"BRM00083344","VITORIA DA CONQUISTA, BR","2015-05-11",,"73",
"BRM00083344","VITORIA DA CONQUISTA, BR","2015-05-12",,"76",
"BRM00083344","VITORIA DA CONQUISTA, BR","2015-05-13",,"74",
"BRM00083344","VITORIA DA CONQUISTA, BR","2015-05-14",,"67",
"BRM00083344","VITORIA DA CONQUISTA, BR","2015-05-15",,"66",
"BRM00083344","VITORIA DA CONQUISTA, BR","2015-05-16",,"67",
"BRM00083344","VITORIA DA CONQUISTA, BR","2015-05-17",,"68",
"BRM00083344","VITORIA DA CONQUISTA, BR","2015-05-18",,"69",
"BRM00083344","VITORIA DA CONQUISTA, BR","2015-05-19",,"68",
"BRM00083344","VITORIA DA CONQUISTA, BR","2015-05-20",,"68",
"BRM00083344","VITORIA DA CONQUISTA, BR","2015-05-21",,"66",
"BRM00083344","VITORIA DA CONQUISTA, BR","2015-05-22",,"66",
"BRM00083344","VITORIA DA CONQUISTA, BR","2015-05-23",,"66",
"BRM00083344","VITORIA DA CONQUISTA, BR","2015-05-24",,"67",
"BRM00083344","VITORIA DA CONQUISTA, BR","2015-05-25",,"68",
"BRM00083344","VITORIA DA CONQUISTA, BR","2015-05-26",,"71",
"BRM00083344","VITORIA DA CONQUISTA, BR","2015-05-27",,"73",
"BRM00083344","VITORIA DA CONQUISTA, BR","2015-05-28",,"71",
"BRM00083344","VITORIA DA CONQUISTA, BR","2015-05-29",,"75",
"BRM00083344","VITORIA DA CONQUISTA, BR","2015-05-30",,"73",
"BRM00083344","VITORIA DA CONQUISTA, BR","2015-05-31",,"73",
"BRM00083344","VITORIA DA CONQUISTA, BR","2015-06-01",,"72",
"BRM00083344","VITORIA DA CONQUISTA, BR","2015-06-02",,"70",
"BRM00083344","VITORIA DA CONQUISTA, BR","2015-06-03",,"69",
"BRM00083344","VITORIA DA CONQUISTA, BR","2015-06-04",,"68",
"BRM00083344","VITORIA DA CONQUISTA, BR","2015-06-05",,"68",
"BRM00083344","VITORIA DA CONQUISTA, BR","2015-06-06",,"68",
"BRM00083344","VITORIA DA CONQUISTA, BR","2015-06-07",,"67",
"BRM00083344","VITORIA DA CONQUISTA, BR","2015-06-08",,"67",
"BRM00083344","VITORIA DA CONQUISTA, BR","2015-06-09",,"67",
"BRM00083344","VITORIA DA CONQUISTA, BR","2015-06-10",,"69",
"BRM00083344","VITORIA DA CONQUISTA, BR","2015-06-11",,"71",
"BRM00083344","VITORIA DA CONQUISTA, BR","2015-06-12",,"71",
"BRM00083344","VITORIA DA CONQUISTA, BR","2015-06-13",,"70",
"BRM00083344","VITORIA DA CONQUISTA, BR","2015-06-14",,"72",
"BRM00083344","VITORIA DA CONQUISTA, BR","2015-06-15",,"74",
"BRM00083344","VITORIA DA CONQUISTA, BR","2015-06-16",,"76",
"BRM00083344","VITORIA DA CONQUISTA, BR","2015-06-17",,"68",
"BRM00083344","VITORIA DA CONQUISTA, BR","2015-06-18",,"68",
"BRM00083344","VITORIA DA CONQUISTA, BR","2015-06-19",,"67",
"BRM00083344","VITORIA DA CONQUISTA, BR","2015-06-20",,"66",
"BRM00083344","VITORIA DA CONQUISTA, BR","2015-06-21",,"66",
"BRM00083344","VITORIA DA CONQUISTA, BR","2015-06-22",,"64",
"BRM00083344","VITORIA DA CONQUISTA, BR","2015-06-23",,"64",
"BRM00083344","VITORIA DA CONQUISTA, BR","2015-06-24",,"64",
"BRM00083344","VITORIA DA CONQUISTA, BR","2015-06-25",,"64",
"BRM00083344","VITORIA DA CONQUISTA, BR","2015-06-26",,"62",
"BRM00083344","VITORIA DA CONQUISTA, BR","2015-06-27",,"60",
"BRM00083344","VITORIA DA CONQUISTA, BR","2015-06-28",,"60",
"BRM00083344","VITORIA DA CONQUISTA, BR","2015-06-29",,"62",
"BRM00083344","VITORIA DA CONQUISTA, BR","2015-06-30",,"63",
"BRM00083344","VITORIA DA CONQUISTA, BR","2015-07-01",,"66",
"BRM00083344","VITORIA DA CONQUISTA, BR","2015-07-02",,"69",
"BRM00083344","VITORIA DA CONQUISTA, BR","2015-07-03",,"65",
"BRM00083344","VITORIA DA CONQUISTA, BR","2015-07-04",,"71",
"BRM00083344","VITORIA DA CONQUISTA, BR","2015-07-05",,"72",
"BRM00083344","VITORIA DA CONQUISTA, BR","2015-07-06",,"63",
"BRM00083344","VITORIA DA CONQUISTA, BR","2015-07-07",,"62",
"BRM00083344","VITORIA DA CONQUISTA, BR","2015-07-08",,"64",
"BRM00083344","VITORIA DA CONQUISTA, BR","2015-07-09",,"67",
"BRM00083344","VITORIA DA CONQUISTA, BR","2015-07-10",,"69",
"BRM00083344","VITORIA DA CONQUISTA, BR","2015-07-11",,"68",
"BRM00083344","VITORIA DA CONQUISTA, BR","2015-07-12",,"68",
"BRM00083344","VITORIA DA CONQUISTA, BR","2015-07-13",,"65",
"BRM00083344","VITORIA DA CONQUISTA, BR","2015-07-14",,"67",
"BRM00083344","VITORIA DA CONQUISTA, BR","2015-07-15",,"65",
"BRM00083344","VITORIA DA CONQUISTA, BR","2015-07-16",,"63",
"BRM00083344","VITORIA DA CONQUISTA, BR","2015-07-17",,"63",
"BRM00083344","VITORIA DA CONQUISTA, BR","2015-07-18",,"63",
"BRM00083344","VITORIA DA CONQUISTA, BR","2015-07-19",,"64",
"BRM00083344","VITORIA DA CONQUISTA, BR","2015-07-20",,"63",
"BRM00083344","VITORIA DA CONQUISTA, BR","2015-07-21",,"65",
"BRM00083344","VITORIA DA CONQUISTA, BR","2015-07-22",,"65",
"BRM00083344","VITORIA DA CONQUISTA, BR","2015-07-23",,"63",
"BRM00083344","VITORIA DA CONQUISTA, BR","2015-07-24",,"64",
"BRM00083344","VITORIA DA CONQUISTA, BR","2015-07-25",,"61",
"BRM00083344","VITORIA DA CONQUISTA, BR","2015-07-27",,"68",
"BRM00083344","VITORIA DA CONQUISTA, BR","2015-07-28",,"67",
"BRM00083344","VITORIA DA CONQUISTA, BR","2015-07-29",,"66",
"BRM00083344","VITORIA DA CONQUISTA, BR","2015-07-30",,"67","51"
"BRM00083344","VITORIA DA CONQUISTA, BR","2015-07-31","0.01","65","51"
"BRM00083344","VITORIA DA CONQUISTA, BR","2015-08-01","0.00","64","50"
"BRM00083344","VITORIA DA CONQUISTA, BR","2015-08-02",,"65","50"
"BRM00083344","VITORIA DA CONQUISTA, BR","2015-08-03",,"64","45"
"BRM00083344","VITORIA DA CONQUISTA, BR","2015-08-04",,"66","48"
"BRM00083344","VITORIA DA CONQUISTA, BR","2015-08-05",,"66","45"
"BRM00083344","VITORIA DA CONQUISTA, BR","2015-08-06",,"67","52"
"BRM00083344","VITORIA DA CONQUISTA, BR","2015-08-07",,"66","53"
"BRM00083344","VITORIA DA CONQUISTA, BR","2015-08-08",,"65","52"
"BRM00083344","VITORIA DA CONQUISTA, BR","2015-08-09","0.01","63","51"
"BRM00083344","VITORIA DA CONQUISTA, BR","2015-08-10","0.20","61","54"
"BRM00083344","VITORIA DA CONQUISTA, BR","2015-08-11","0.24","61","52"
"BRM00083344","VITORIA DA CONQUISTA, BR","2015-08-12","0.04","60","49"
"BRM00083344","VITORIA DA CONQUISTA, BR","2015-08-13","0.04","59","51"
"BRM00083344","VITORIA DA CONQUISTA, BR","2015-08-14","0.12","63","53"
"BRM00083344","VITORIA DA CONQUISTA, BR","2015-08-15","0.08","63","56"
"BRM00083344","VITORIA DA CONQUISTA, BR","2015-08-16","0.43","66","55"
"BRM00083344","VITORIA DA CONQUISTA, BR","2015-08-17","0.08","62","53"
"BRM00083344","VITORIA DA CONQUISTA, BR","2015-08-18","0.24","63","55"
"BRM00083344","VITORIA DA CONQUISTA, BR","2015-08-19","0.28","64","56"
"BRM00083344","VITORIA DA CONQUISTA, BR","2015-08-20","0.02","68","53"
"BRM00083344","VITORIA DA CONQUISTA, BR","2015-08-21","0.00","69","52"
"BRM00083344","VITORIA DA CONQUISTA, BR","2015-08-22",,"67","56"
"BRM00083344","VITORIA DA CONQUISTA, BR","2015-08-23",,"70","56"
"BRM00083344","VITORIA DA CONQUISTA, BR","2015-08-24",,"71","54"
"BRM00083344","VITORIA DA CONQUISTA, BR","2015-08-25",,"67","49"
"BRM00083344","VITORIA DA CONQUISTA, BR","2015-08-26",,"69","51"
"BRM00083344","VITORIA DA CONQUISTA, BR","2015-08-27",,"70","56"
"BRM00083344","VITORIA DA CONQUISTA, BR","2015-08-28",,"70","57"
"BRM00083344","VITORIA DA CONQUISTA, BR","2015-08-29",,"67","53"
"BRM00083344","VITORIA DA CONQUISTA, BR","2015-08-30",,"68","56"
"BRM00083344","VITORIA DA CONQUISTA, BR","2015-08-31",,"66","54"
"BRM00083344","VITORIA DA CONQUISTA, BR","2015-09-01",,"69","45"
"BRM00083344","VITORIA DA CONQUISTA, BR","2015-09-02",,"69",
"BRM00083344","VITORIA DA CONQUISTA, BR","2015-09-03",,"68","54"
"BRM00083344","VITORIA DA CONQUISTA, BR","2015-09-04",,"73","53"
"BRM00083344","VITORIA DA CONQUISTA, BR","2015-09-05",,"78","61"
"BRM00083344","VITORIA DA CONQUISTA, BR","2015-09-06",,"74","60"
"BRM00083344","VITORIA DA CONQUISTA, BR","2015-09-07",,"72","55"
"BRM00083344","VITORIA DA CONQUISTA, BR","2015-09-08",,"77","55"
"BRM00083344","VITORIA DA CONQUISTA, BR","2015-09-09",,"71","56"
"BRM00083344","VITORIA DA CONQUISTA, BR","2015-09-10",,"71","55"
"BRM00083344","VITORIA DA CONQUISTA, BR","2015-09-11",,"72","53"
"BRM00083344","VITORIA DA CONQUISTA, BR","2015-09-12",,"73","55"
"BRM00083344","VITORIA DA CONQUISTA, BR","2015-09-13",,"75","63"
"BRM00083344","VITORIA DA CONQUISTA, BR","2015-09-14",,"70","62"
"BRM00083344","VITORIA DA CONQUISTA, BR","2015-09-15",,"68","60"
"BRM00083344","VITORIA DA CONQUISTA, BR","2015-09-16",,"68",
"BRM00083344","VITORIA DA CONQUISTA, BR","2015-09-17",,"69","58"
"BRM00083344","VITORIA DA CONQUISTA, BR","2015-09-18",,"70",
"BRM00083344","VITORIA DA CONQUISTA, BR","2015-09-19",,"71","58"
"BRM00083344","VITORIA DA CONQUISTA, BR","2015-09-20",,"70",
"BRM00083344","VITORIA DA CONQUISTA, BR","2015-09-21",,"70","57"
"BRM00083344","VITORIA DA CONQUISTA, BR","2015-09-22",,"70","56"
"BRM00083344","VITORIA DA CONQUISTA, BR","2015-09-23",,"73","58"
"BRM00083344","VITORIA DA CONQUISTA, BR","2015-09-24",,"73","60"
"BRM00083344","VITORIA DA CONQUISTA, BR","2015-09-25",,"74","61"
"BRM00083344","VITORIA DA CONQUISTA, BR","2015-09-26",,"74","59"
"BRM00083344","VITORIA DA CONQUISTA, BR","2015-09-27",,"73","56"
"BRM00083344","VITORIA DA CONQUISTA, BR","2015-09-28",,"71","58"
"BRM00083344","VITORIA DA CONQUISTA, BR","2015-09-29",,"73","58"
"BRM00083344","VITORIA DA CONQUISTA, BR","2015-09-30",,"72","57"
"BRM00083344","VITORIA DA CONQUISTA, BR","2015-10-01",,"72",
"BRM00083344","VITORIA DA CONQUISTA, BR","2015-10-02",,"71",
"BRM00083344","VITORIA DA CONQUISTA, BR","2015-10-03",,"74","59"
"BRM00083344","VITORIA DA CONQUISTA, BR","2015-10-04",,"79","59"
"BRM00083344","VITORIA DA CONQUISTA, BR","2015-10-05",,"78","66"
"BRM00083344","VITORIA DA CONQUISTA, BR","2015-10-06",,"71",
"BRM00083344","VITORIA DA CONQUISTA, BR","2015-10-07","0.02","68",
"BRM00083344","VITORIA DA CONQUISTA, BR","2015-10-08","0.00","69",
"BRM00083344","VITORIA DA CONQUISTA, BR","2015-10-09",,"71","54"
"BRM00083344","VITORIA DA CONQUISTA, BR","2015-10-10",,"73","53"
"BRM00083344","VITORIA DA CONQUISTA, BR","2015-10-11","0.02","73",
"BRM00083344","VITORIA DA CONQUISTA, BR","2015-10-12","0.00","70","57"
"BRM00083344","VITORIA DA CONQUISTA, BR","2015-10-13",,"72","56"
"BRM00083344","VITORIA DA CONQUISTA, BR","2015-10-14",,"73","59"
"BRM00083344","VITORIA DA CONQUISTA, BR","2015-10-15",,"74","64"
"BRM00083344","VITORIA DA CONQUISTA, BR","2015-10-16",,"77","64"
"BRM00083344","VITORIA DA CONQUISTA, BR","2015-10-17",,"76","59"
"BRM00083344","VITORIA DA CONQUISTA, BR","2015-10-18",,"76","56"
"BRM00083344","VITORIA DA CONQUISTA, BR","2015-10-19",,"71","63"
"BRM00083344","VITORIA DA CONQUISTA, BR","2015-10-20",,"73","64"
"BRM00083344","VITORIA DA CONQUISTA, BR","2015-10-21",,"75","64"
"BRM00083344","VITORIA DA CONQUISTA, BR","2015-10-22",,"78","61"
"BRM00083344","VITORIA DA CONQUISTA, BR","2015-10-23",,"76","63"
"BRM00083344","VITORIA DA CONQUISTA, BR","2015-10-24",,"76","63"
"BRM00083344","VITORIA DA CONQUISTA, BR","2015-10-25",,"77","63"
"BRM00083344","VITORIA DA CONQUISTA, BR","2015-10-26",,"72","60"
"BRM00083344","VITORIA DA CONQUISTA, BR","2015-10-27",,"75",
"BRM00083344","VITORIA DA CONQUISTA, BR","2015-10-28",,"75","64"
"BRM00083344","VITORIA DA CONQUISTA, BR","2015-10-29",,"75",
"BRM00083344","VITORIA DA CONQUISTA, BR","2015-10-30","0.87","70",
"BRM00083344","VITORIA DA CONQUISTA, BR","2015-10-31","0.04","72",
"BRM00083344","VITORIA DA CONQUISTA, BR","2015-11-01","0.00","76","61"
"BRM00083344","VITORIA DA CONQUISTA, BR","2015-11-02",,"75","61"
"BRM00083344","VITORIA DA CONQUISTA, BR","2015-11-03",,"72","57"
"BRM00083344","VITORIA DA CONQUISTA, BR","2015-11-04",,"74","61"
"BRM00083344","VITORIA DA CONQUISTA, BR","2015-11-05",,"76","59"
"BRM00083344","VITORIA DA CONQUISTA, BR","2015-11-06",,"79","64"
"BRM00083344","VITORIA DA CONQUISTA, BR","2015-11-07",,"76","65"
"BRM00083344","VITORIA DA CONQUISTA, BR","2015-11-08",,"76","63"
"BRM00083344","VITORIA DA CONQUISTA, BR","2015-11-09",,"73","57"
"BRM00083344","VITORIA DA CONQUISTA, BR","2015-11-10","0.02","73","57"
"BRM00083344","VITORIA DA CONQUISTA, BR","2015-11-11","0.00","73","58"
"BRM00083344","VITORIA DA CONQUISTA, BR","2015-11-12",,"76","58"
"BRM00083344","VITORIA DA CONQUISTA, BR","2015-11-13",,"81","64"
"BRM00083344","VITORIA DA CONQUISTA, BR","2015-11-14",,"79","67"
"BRM00083344","VITORIA DA CONQUISTA, BR","2015-11-15",,"80","67"
"BRM00083344","VITORIA DA CONQUISTA, BR","2015-11-16",,"75","59"
"BRM00083344","VITORIA DA CONQUISTA, BR","2015-11-18",,"84","66"
"BRM00083344","VITORIA DA CONQUISTA, BR","2015-11-19",,"78","65"
"BRM00083344","VITORIA DA CONQUISTA, BR","2015-11-20",,"77","65"
"BRM00083344","VITORIA DA CONQUISTA, BR","2015-11-21","0.12","77","69"
"BRM00083344","VITORIA DA CONQUISTA, BR","2015-11-22","0.03","75",
"BRM00083344","VITORIA DA CONQUISTA, BR","2015-11-23","0.00","77",
"BRM00083344","VITORIA DA CONQUISTA, BR","2015-11-24",,"78","67"
"BRM00083344","VITORIA DA CONQUISTA, BR","2015-11-25",,"80","71"
"BRM00083344","VITORIA DA CONQUISTA, BR","2015-11-26","0.28","77",
"BRM00083344","VITORIA DA CONQUISTA, BR","2015-11-27","1.61","71","63"
"BRM00083344","VITORIA DA CONQUISTA, BR","2015-11-28","0.00","73",
"BRM00083344","VITORIA DA CONQUISTA, BR","2015-11-29",,"77","66"
"BRM00083344","VITORIA DA CONQUISTA, BR","2015-11-30","0.12","79","65"
"BRM00083344","VITORIA DA CONQUISTA, BR","2015-12-01","0.00","79","63"
"BRM00083344","VITORIA DA CONQUISTA, BR","2015-12-02",,"78","61"
"BRM00083344","VITORIA DA CONQUISTA, BR","2015-12-03",,"80","62"
"BRM00083344","VITORIA DA CONQUISTA, BR","2015-12-04",,"82","62"
"BRM00083344","VITORIA DA CONQUISTA, BR","2015-12-05",,"83","69"
"BRM00083344","VITORIA DA CONQUISTA, BR","2015-12-06",,"76",
"BRM00083344","VITORIA DA CONQUISTA, BR","2015-12-07","2.20","78","66"
"BRM00083344","VITORIA DA CONQUISTA, BR","2015-12-08","0.00","78","64"
"BRM00083344","VITORIA DA CONQUISTA, BR","2015-12-09",,"75","59"
"BRM00083344","VITORIA DA CONQUISTA, BR","2015-12-10",,"78","58"
"BRM00083344","VITORIA DA CONQUISTA, BR","2015-12-11",,"76","58"
"BRM00083344","VITORIA DA CONQUISTA, BR","2015-12-12",,"76","62"
"BRM00083344","VITORIA DA CONQUISTA, BR","2015-12-13",,"78","63"
"BRM00083344","VITORIA DA CONQUISTA, BR","2015-12-14",,"83","62"
"BRM00083344","VITORIA DA CONQUISTA, BR","2015-12-15",,"74","58"
"BRM00083344","VITORIA DA CONQUISTA, BR","2015-12-16",,"75","58"
"BRM00083344","VITORIA DA CONQUISTA, BR","2015-12-17",,"76","64"
"BRM00083344","VITORIA DA CONQUISTA, BR","2015-12-18",,"74","62"
"BRM00083344","VITORIA DA CONQUISTA, BR","2015-12-19",,"73","62"
"BRM00083344","VITORIA DA CONQUISTA, BR","2015-12-20",,"78","59"
"BRM00083344","VITORIA DA CONQUISTA, BR","2015-12-21",,"74","64"
"BRM00083344","VITORIA DA CONQUISTA, BR","2015-12-22",,"73","62"
"BRM00083344","VITORIA DA CONQUISTA, BR","2015-12-23",,"73","64"
"BRM00083344","VITORIA DA CONQUISTA, BR","2015-12-24",,"74","61"
"BRM00083344","VITORIA DA CONQUISTA, BR","2015-12-25",,"76","60"
"BRM00083344","VITORIA DA CONQUISTA, BR","2015-12-26","0.01","77","64"
"BRM00083344","VITORIA DA CONQUISTA, BR","2015-12-27","0.00","77","67"
"BRM00083344","VITORIA DA CONQUISTA, BR","2015-12-28",,"76","65"
"BRM00083344","VITORIA DA CONQUISTA, BR","2015-12-29",,"76","64"
"BRM00083344","VITORIA DA CONQUISTA, BR","2015-12-30",,"76",
"BRM00083344","VITORIA DA CONQUISTA, BR","2015-12-31",,"77","61"
"BRM00083344","VITORIA DA CONQUISTA, BR","2016-01-01",,"81","65"
"BRM00083344","VITORIA DA CONQUISTA, BR","2016-01-02",,"83","65"
"BRM00083344","VITORIA DA CONQUISTA, BR","2016-01-03",,"82","68"
"BRM00083344","VITORIA DA CONQUISTA, BR","2016-01-04","0.24","74","67"
"BRM00083344","VITORIA DA CONQUISTA, BR","2016-01-05","0.51","69",
"BRM00083344","VITORIA DA CONQUISTA, BR","2016-01-06","0.04","72","64"
"BRM00083344","VITORIA DA CONQUISTA, BR","2016-01-07","0.00","75","68"
"BRM00083344","VITORIA DA CONQUISTA, BR","2016-01-08","1.85","71",
"BRM00083344","VITORIA DA CONQUISTA, BR","2016-01-09","0.01","72","64"
"BRM00083344","VITORIA DA CONQUISTA, BR","2016-01-10","0.02","76","64"
"BRM00083344","VITORIA DA CONQUISTA, BR","2016-01-11","0.00","75","66"
"BRM00083344","VITORIA DA CONQUISTA, BR","2016-01-12",,"75",
"BRM00083344","VITORIA DA CONQUISTA, BR","2016-01-13",,"75","69"
"BRM00083344","VITORIA DA CONQUISTA, BR","2016-01-14","0.35","74","68"
"BRM00083344","VITORIA DA CONQUISTA, BR","2016-01-15","0.24","73",
"BRM00083344","VITORIA DA CONQUISTA, BR","2016-01-16","0.00","76",
"BRM00083344","VITORIA DA CONQUISTA, BR","2016-01-17","0.91","71",
"BRM00083344","VITORIA DA CONQUISTA, BR","2016-01-18","0.00","72","69"
"BRM00083344","VITORIA DA CONQUISTA, BR","2016-01-19","0.12","72",
"BRM00083344","VITORIA DA CONQUISTA, BR","2016-01-20","0.71","69","67"
"BRM00083344","VITORIA DA CONQUISTA, BR","2016-01-21","0.43","69",
"BRM00083344","VITORIA DA CONQUISTA, BR","2016-01-22","0.79","70","66"
"BRM00083344","VITORIA DA CONQUISTA, BR","2016-01-23","1.06","70",
"BRM00083344","VITORIA DA CONQUISTA, BR","2016-01-24","0.55","74","68"
"BRM00083344","VITORIA DA CONQUISTA, BR","2016-01-25","0.12","74","68"
"BRM00083344","VITORIA DA CONQUISTA, BR","2016-01-26","0.20","73","68"
"BRM00083344","VITORIA DA CONQUISTA, BR","2016-01-27","0.00","73","67"
"BRM00083344","VITORIA DA CONQUISTA, BR","2016-01-28",,"72","67"
"BRM00083344","VITORIA DA CONQUISTA, BR","2016-01-29",,"72","62"
"BRM00083344","VITORIA DA CONQUISTA, BR","2016-01-30",,"71",
"BRM00083344","VITORIA DA CONQUISTA, BR","2016-01-31","0.08","70","62"
"BRM00083344","VITORIA DA CONQUISTA, BR","2016-02-01","0.02","73","64"
"BRM00083344","VITORIA DA CONQUISTA, BR","2016-02-02","0.00","74","68"
"BRM00083344","VITORIA DA CONQUISTA, BR","2016-02-03",,"71","59"
"BRM00083344","VITORIA DA CONQUISTA, BR","2016-02-04",,"74","64"
"BRM00083344","VITORIA DA CONQUISTA, BR","2016-02-05",,"74","63"
"BRM00083344","VITORIA DA CONQUISTA, BR","2016-02-06",,"74","64"
"BRM00083344","VITORIA DA CONQUISTA, BR","2016-02-07",,"76","62"
"BRM00083344","VITORIA DA CONQUISTA, BR","2016-02-08",,"74","62"
"BRM00083344","VITORIA DA CONQUISTA, BR","2016-02-09",,"73","60"
"BRM00083344","VITORIA DA CONQUISTA, BR","2016-02-10",,"74","61"
"BRM00083344","VITORIA DA CONQUISTA, BR","2016-02-11",,"78","60"
"BRM00083344","VITORIA DA CONQUISTA, BR","2016-02-12",,"76","68"
"BRM00083344","VITORIA DA CONQUISTA, BR","2016-02-13",,"74",
"BRM00083344","VITORIA DA CONQUISTA, BR","2016-02-14","0.04","74","69"
"BRM00083344","VITORIA DA CONQUISTA, BR","2016-02-15","0.00","73","64"
"BRM00083344","VITORIA DA CONQUISTA, BR","2016-02-16","0.00","77","60"
"BRM00083344","VITORIA DA CONQUISTA, BR","2016-02-17",,"74","59"
"BRM00083344","VITORIA DA CONQUISTA, BR","2016-02-18",,"70","57"
"BRM00083344","VITORIA DA CONQUISTA, BR","2016-02-19",,"71","60"
"BRM00083344","VITORIA DA CONQUISTA, BR","2016-02-20",,"73","63"
"BRM00083344","VITORIA DA CONQUISTA, BR","2016-02-21",,"77","64"
"BRM00083344","VITORIA DA CONQUISTA, BR","2016-02-22",,"75","62"
"BRM00083344","VITORIA DA CONQUISTA, BR","2016-02-23","0.01","73","61"
"BRM00083344","VITORIA DA CONQUISTA, BR","2016-02-24","0.00","75","60"
"BRM00083344","VITORIA DA CONQUISTA, BR","2016-02-25",,"78","63"
"BRM00083344","VITORIA DA CONQUISTA, BR","2016-02-26",,"76","64"
"BRM00083344","VITORIA DA CONQUISTA, BR","2016-02-27",,"75","66"
"BRM00083344","VITORIA DA CONQUISTA, BR","2016-02-28",,"79","61"
"BRM00083344","VITORIA DA CONQUISTA, BR","2016-02-29",,"78","64"
"BRM00083344","VITORIA DA CONQUISTA, BR","2016-03-01",,"76","64"
"BRM00083344","VITORIA DA CONQUISTA, BR","2016-03-02",,"72","60"
"BRM00083344","VITORIA DA CONQUISTA, BR","2016-03-03",,"74",
"BRM00083344","VITORIA DA CONQUISTA, BR","2016-03-04",,"74","65"
"BRM00083344","VITORIA DA CONQUISTA, BR","2016-03-05",,"76","67"
"BRM00083344","VITORIA DA CONQUISTA, BR","2016-03-06",,"78","69"
"BRM00083344","VITORIA DA CONQUISTA, BR","2016-03-07",,"75","64"
"BRM00083344","VITORIA DA CONQUISTA, BR","2016-03-08",,"75","61"
"BRM00083344","VITORIA DA CONQUISTA, BR","2016-03-09",,"73","62"
"BRM00083344","VITORIA DA CONQUISTA, BR","2016-03-10",,"75","63"
"BRM00083344","VITORIA DA CONQUISTA, BR","2016-03-11",,"77","64"
"BRM00083344","VITORIA DA CONQUISTA, BR","2016-03-12","0.00","76","64"
"BRM00083344","VITORIA DA CONQUISTA, BR","2016-03-13","0.00","77","62"
"BRM00083344","VITORIA DA CONQUISTA, BR","2016-03-14",,"74","64"
"BRM00083344","VITORIA DA CONQUISTA, BR","2016-03-15","0.03","69","62"
"BRM00083344","VITORIA DA CONQUISTA, BR","2016-03-16","0.51","71","62"
"BRM00083344","VITORIA DA CONQUISTA, BR","2016-03-17","0.02","71","64"
"BRM00083344","VITORIA DA CONQUISTA, BR","2016-03-18","0.00","73","62"
"BRM00083344","VITORIA DA CONQUISTA, BR","2016-03-19",,"75","63"
"BRM00083344","VITORIA DA CONQUISTA, BR","2016-03-20",,"75","64"
"BRM00083344","VITORIA DA CONQUISTA, BR","2016-03-21",,"75","64"
"BRM00083344","VITORIA DA CONQUISTA, BR","2016-03-22",,"77",
"BRM00083344","VITORIA DA CONQUISTA, BR","2016-03-23",,"81",
"BRM00083344","VITORIA DA CONQUISTA, BR","2016-03-24",,"76","66"
"BRM00083344","VITORIA DA CONQUISTA, BR","2016-03-25",,"75","62"
"BRM00083344","VITORIA DA CONQUISTA, BR","2016-03-26",,"76","60"
"BRM00083344","VITORIA DA CONQUISTA, BR","2016-03-27",,"75","67"
"BRM00083344","VITORIA DA CONQUISTA, BR","2016-03-28","0.03","73","62"
"BRM00083344","VITORIA DA CONQUISTA, BR","2016-03-29","0.00","74","61"
"BRM00083344","VITORIA DA CONQUISTA, BR","2016-03-30",,"75","64"
"BRM00083344","VITORIA DA CONQUISTA, BR","2016-03-31",,"75","62"
"BRM00083344","VITORIA DA CONQUISTA, BR","2016-04-01",,"74","64"
"BRM00083344","VITORIA DA CONQUISTA, BR","2016-04-02",,"72","60"
"BRM00083344","VITORIA DA CONQUISTA, BR","2016-04-03","0.01","75","65"
"BRM00083344","VITORIA DA CONQUISTA, BR","2016-04-04","0.00","76","64"
"BRM00083344","VITORIA DA CONQUISTA, BR","2016-04-05",,"75",
"BRM00083344","VITORIA DA CONQUISTA, BR","2016-04-06",,"71","62"
"BRM00083344","VITORIA DA CONQUISTA, BR","2016-04-07",,"74","65"
"BRM00083344","VITORIA DA CONQUISTA, BR","2016-04-08",,"76","62"
"BRM00083344","VITORIA DA CONQUISTA, BR","2016-04-09",,"78","64"
"BRM00083344","VITORIA DA CONQUISTA, BR","2016-04-10",,"76","63"
"BRM00083344","VITORIA DA CONQUISTA, BR","2016-04-11",,"73","60"
"BRM00083344","VITORIA DA CONQUISTA, BR","2016-04-12",,"70",
"BRM00083344","VITORIA DA CONQUISTA, BR","2016-04-13","0.12","72","62"
"BRM00083344","VITORIA DA CONQUISTA, BR","2016-04-14","0.00","70","59"
"BRM00083344","VITORIA DA CONQUISTA, BR","2016-04-24","0.01","73","64"
"BRM00083344","VITORIA DA CONQUISTA, BR","2016-04-25","0.00","73","61"
"BRM00083344","VITORIA DA CONQUISTA, BR","2016-04-26",,"74","59"
"BRM00083344","VITORIA DA CONQUISTA, BR","2016-04-27",,"74","61"
"BRM00083344","VITORIA DA CONQUISTA, BR","2016-04-28",,"75","62"
"BRM00083344","VITORIA DA CONQUISTA, BR","2016-04-29",,"71","56"
"BRM00083344","VITORIA DA CONQUISTA, BR","2016-04-30",,"71","63"
"BRM00083344","VITORIA DA CONQUISTA, BR","2016-05-01",,"77","64"
"BRM00083344","VITORIA DA CONQUISTA, BR","2016-05-02","0.02","68",
"BRM00083344","VITORIA DA CONQUISTA, BR","2016-05-03","0.00","69","63"
"BRM00083344","VITORIA DA CONQUISTA, BR","2016-05-04",,"69","61"
"BRM00083344","VITORIA DA CONQUISTA, BR","2016-05-09",,"76","56"
"BRM00083344","VITORIA DA CONQUISTA, BR","2016-05-10",,"72","56"
"BRM00083344","VITORIA DA CONQUISTA, BR","2016-05-11",,"72","59"
"BRM00083344","VITORIA DA CONQUISTA, BR","2016-05-12",,"73","58"
"BRM00083344","VITORIA DA CONQUISTA, BR","2016-05-13",,"71","57"
"BRM00083344","VITORIA DA CONQUISTA, BR","2016-05-14",,"70","64"
"BRM00083344","VITORIA DA CONQUISTA, BR","2016-05-15",,"67",
"BRM00083344","VITORIA DA CONQUISTA, BR","2016-05-16","0.02","69",
"BRM00083344","VITORIA DA CONQUISTA, BR","2016-05-17","0.00","72","62"
"BRM00083344","VITORIA DA CONQUISTA, BR","2016-05-18",,"76","62"
"BRM00083344","VITORIA DA CONQUISTA, BR","2016-05-19",,"73","64"
"BRM00083344","VITORIA DA CONQUISTA, BR","2016-05-20",,"71","58"
"BRM00083344","VITORIA DA CONQUISTA, BR","2016-05-21",,"69","61"
"BRM00083344","VITORIA DA CONQUISTA, BR","2016-05-22",,"73","64"
"BRM00083344","VITORIA DA CONQUISTA, BR","2016-05-23",,"72","57"
"BRM00083344","VITORIA DA CONQUISTA, BR","2016-05-24",,"70","60"
"BRM00083344","VITORIA DA CONQUISTA, BR","2016-05-25","0.08","64",
"BRM00083344","VITORIA DA CONQUISTA, BR","2016-05-26","0.04","64",
"BRM00083344","VITORIA DA CONQUISTA, BR","2016-05-27","0.02","67","52"
"BRM00083344","VITORIA DA CONQUISTA, BR","2016-05-28","0.00","68","54"
"BRM00083344","VITORIA DA CONQUISTA, BR","2016-05-29","0.01","71","59"
"BRM00083344","VITORIA DA CONQUISTA, BR","2016-05-30","0.00","70","61"
"BRM00083344","VITORIA DA CONQUISTA, BR","2016-05-31",,"72",
"BRM00083344","VITORIA DA CONQUISTA, BR","2016-06-01",,"73","57"
"BRM00083344","VITORIA DA CONQUISTA, BR","2016-06-02",,"75","56"
"BRM00083344","VITORIA DA CONQUISTA, BR","2016-06-03",,"76","62"
"BRM00083344","VITORIA DA CONQUISTA, BR","2016-06-04",,"78","63"
"BRM00083344","VITORIA DA CONQUISTA, BR","2016-06-05",,"77","62"
"BRM00083344","VITORIA DA CONQUISTA, BR","2016-06-06",,"76","59"
"BRM00083344","VITORIA DA CONQUISTA, BR","2016-06-07",,"76","66"
"BRM00083344","VITORIA DA CONQUISTA, BR","2016-06-08",,"82","65"
"BRM00083344","VITORIA DA CONQUISTA, BR","2016-06-09",,"74","62"
"BRM00083344","VITORIA DA CONQUISTA, BR","2016-06-10",,"70",
"BRM00083344","VITORIA DA CONQUISTA, BR","2016-06-11",,"72","62"
"BRM00083344","VITORIA DA CONQUISTA, BR","2016-06-12","0.08","68",
"BRM00083344","VITORIA DA CONQUISTA, BR","2016-06-13","0.00","65",
"BRM00083344","VITORIA DA CONQUISTA, BR","2016-06-14","0.08","62",
"BRM00083344","VITORIA DA CONQUISTA, BR","2016-06-15","0.00","62","57"
"BRM00083344","VITORIA DA CONQUISTA, BR","2016-06-16","0.00","62","51"
"BRM00083344","VITORIA DA CONQUISTA, BR","2016-06-17","0.00","65","51"
"BRM00083344","VITORIA DA CONQUISTA, BR","2016-06-18",,"66",
"BRM00083344","VITORIA DA CONQUISTA, BR","2016-06-19",,"70","58"
"BRM00083344","VITORIA DA CONQUISTA, BR","2016-06-20",,"66","59"
"BRM00083344","VITORIA DA CONQUISTA, BR","2016-06-21",,"67","57"
"BRM00083344","VITORIA DA CONQUISTA, BR","2016-06-22",,"63",
"BRM00083344","VITORIA DA CONQUISTA, BR","2016-06-23",,"65","57"
"BRM00083344","VITORIA DA CONQUISTA, BR","2016-06-24",,"67",
"BRM00083344","VITORIA DA CONQUISTA, BR","2016-06-25","0.08","62",
"BRM00083344","VITORIA DA CONQUISTA, BR","2016-06-26","0.12","65","56"
"BRM00083344","VITORIA DA CONQUISTA, BR","2016-06-27","0.01","61",
"BRM00083344","VITORIA DA CONQUISTA, BR","2016-06-28","0.16","62","59"
"BRM00083344","VITORIA DA CONQUISTA, BR","2016-06-29","0.12","64",
"BRM00083344","VITORIA DA CONQUISTA, BR","2016-06-30","0.08","67","58"
"BRM00083344","VITORIA DA CONQUISTA, BR","2016-07-01","0.00","65","55"
"BRM00083344","VITORIA DA CONQUISTA, BR","2016-07-02","0.08","64","59"
"BRM00083344","VITORIA DA CONQUISTA, BR","2016-07-03","0.12","64",
"BRM00083344","VITORIA DA CONQUISTA, BR","2016-07-04","0.16","66","60"
"BRM00083344","VITORIA DA CONQUISTA, BR","2016-07-05","0.16","63","59"
"BRM00083344","VITORIA DA CONQUISTA, BR","2016-07-06","0.08","66","56"
"BRM00083344","VITORIA DA CONQUISTA, BR","2016-07-07","0.00","69","58"
"BRM00083344","VITORIA DA CONQUISTA, BR","2016-07-08",,"71","57"
"BRM00083344","VITORIA DA CONQUISTA, BR","2016-07-09","0.00","63","60"
"BRM00083344","VITORIA DA CONQUISTA, BR","2016-07-10","0.00","65",
"BRM00083344","VITORIA DA CONQUISTA, BR","2016-07-11","0.00","69","55"
"BRM00083344","VITORIA DA CONQUISTA, BR","2016-07-12",,"68",
"BRM00083344","VITORIA DA CONQUISTA, BR","2016-07-13",,"68","54"
"BRM00083344","VITORIA DA CONQUISTA, BR","2016-07-14",,"68","59"
"BRM00083344","VITORIA DA CONQUISTA, BR","2016-07-15",,"68","57"
"BRM00083344","VITORIA DA CONQUISTA, BR","2016-07-16",,"68","54"
"BRM00083344","VITORIA DA CONQUISTA, BR","2016-07-17",,"75","60"
"BRM00083344","VITORIA DA CONQUISTA, BR","2016-07-18",,"70","57"
"BRM00083344","VITORIA DA CONQUISTA, BR","2016-07-19","0.01","66","62"
"BRM00083344","VITORIA DA CONQUISTA, BR","2016-07-20","0.04","67","61"
"BRM00083344","VITORIA DA CONQUISTA, BR","2016-07-21","0.00","66","56"
"BRM00083344","VITORIA DA CONQUISTA, BR","2016-07-22",,"68","56"
"BRM00083344","VITORIA DA CONQUISTA, BR","2016-07-23",,"65","61"
"BRM00083344","VITORIA DA CONQUISTA, BR","2016-07-24","0.04","65","59"
"BRM00083344","VITORIA DA CONQUISTA, BR","2016-07-25","0.16","65",
"BRM00083344","VITORIA DA CONQUISTA, BR","2016-07-26","0.16","65","58"
"BRM00083344","VITORIA DA CONQUISTA, BR","2016-07-27","0.03","65","53"
"BRM00083344","VITORIA DA CONQUISTA, BR","2016-07-28","0.00","66","51"
"BRM00083344","VITORIA DA CONQUISTA, BR","2016-07-29","0.01","65","54"
"BRM00083344","VITORIA DA CONQUISTA, BR","2016-07-30","0.00","65",
"BRM00083344","VITORIA DA CONQUISTA, BR","2016-07-31","0.16","63","58"
"BRM00083344","VITORIA DA CONQUISTA, BR","2016-08-01","0.03","63","52"
"BRM00083344","VITORIA DA CONQUISTA, BR","2016-08-02","0.04","67",
"BRM00083344","VITORIA DA CONQUISTA, BR","2016-08-03","0.12","64",
"BRM00083344","VITORIA DA CONQUISTA, BR","2016-08-04","0.08","64","57"
"BRM00083344","VITORIA DA CONQUISTA, BR","2016-08-05","0.00","62",
"BRM00083344","VITORIA DA CONQUISTA, BR","2016-08-06","0.08","64","57"
"BRM00083344","VITORIA DA CONQUISTA, BR","2016-08-07","0.02","72","56"
"BRM00083344","VITORIA DA CONQUISTA, BR","2016-08-08","0.00","69","56"
"BRM00083344","VITORIA DA CONQUISTA, BR","2016-08-09",,"68","55"
"BRM00083344","VITORIA DA CONQUISTA, BR","2016-08-10",,"71","55"
"BRM00083344","VITORIA DA CONQUISTA, BR","2016-08-11",,"72","55"
"BRM00083344","VITORIA DA CONQUISTA, BR","2016-08-12",,"68","59"
"BRM00083344","VITORIA DA CONQUISTA, BR","2016-08-13",,"68","55"
"BRM00083344","VITORIA DA CONQUISTA, BR","2016-08-14",,"74","59"
"BRM00083344","VITORIA DA CONQUISTA, BR","2016-08-15",,"71","58"
"BRM00083344","VITORIA DA CONQUISTA, BR","2016-08-16",,"74","61"
"BRM00083344","VITORIA DA CONQUISTA, BR","2016-08-17",,"74","57"
"BRM00083344","VITORIA DA CONQUISTA, BR","2016-08-18",,"74","60"
"BRM00083344","VITORIA DA CONQUISTA, BR","2016-08-19",,"70","62"
"BRM00083344","VITORIA DA CONQUISTA, BR","2016-08-20",,"68","58"
"BRM00083344","VITORIA DA CONQUISTA, BR","2016-08-21",,"79","57"
"BRM00083344","VITORIA DA CONQUISTA, BR","2016-08-22",,"75","62"
"BRM00083344","VITORIA DA CONQUISTA, BR","2016-08-23",,"63",
"BRM00083344","VITORIA DA CONQUISTA, BR","2016-08-24","0.04","63",
"BRM00083344","VITORIA DA CONQUISTA, BR","2016-08-25","0.04","62","54"
"BRM00083344","VITORIA DA CONQUISTA, BR","2016-08-26","0.00","65","53"
"BRM00083344","VITORIA DA CONQUISTA, BR","2016-08-27","0.02","63","58"
"BRM00083344","VITORIA DA CONQUISTA, BR","2016-08-28","0.04","68","54"
"BRM00083344","VITORIA DA CONQUISTA, BR","2016-08-29","0.00","65","56"
"BRM00083344","VITORIA DA CONQUISTA, BR","2016-08-30","0.55","68",
"BRM00083344","VITORIA DA CONQUISTA, BR","2016-08-31","0.04","71","61"
"BRM00083344","VITORIA DA CONQUISTA, BR","2016-09-01","0.00","69","57"
"BRM00083344","VITORIA DA CONQUISTA, BR","2016-09-02",,"67","60"
"BRM00083344","VITORIA DA CONQUISTA, BR","2016-09-03",,"68","58"
"BRM00083344","VITORIA DA CONQUISTA, BR","2016-09-04","0.08","70","57"
"BRM00083344","VITORIA DA CONQUISTA, BR","2016-09-05","0.00","66",
"BRM00083344","VITORIA DA CONQUISTA, BR","2016-09-06",,"71","55"
"BRM00083344","VITORIA DA CONQUISTA, BR","2016-09-07",,"69","54"
"BRM00083344","VITORIA DA CONQUISTA, BR","2016-09-08",,"69","59"
"BRM00083344","VITORIA DA CONQUISTA, BR","2016-09-09",,"69","53"
"BRM00083344","VITORIA DA CONQUISTA, BR","2016-09-10","0.02","69","58"
"BRM00083344","VITORIA DA CONQUISTA, BR","2016-09-11","0.00","72","55"
"BRM00083344","VITORIA DA CONQUISTA, BR","2016-09-12",,"67","51"
"BRM00083344","VITORIA DA CONQUISTA, BR","2016-09-13",,"70","54"
"BRM00083344","VITORIA DA CONQUISTA, BR","2016-09-14",,"72","54"
"BRM00083344","VITORIA DA CONQUISTA, BR","2016-09-15",,"72","58"
"BRM00083344","VITORIA DA CONQUISTA, BR","2016-09-16",,"73","60"
"BRM00083344","VITORIA DA CONQUISTA, BR","2016-09-17",,"72","58"
"BRM00083344","VITORIA DA CONQUISTA, BR","2016-09-18","0.01","75","61"
"BRM00083344","VITORIA DA CONQUISTA, BR","2016-09-19","0.00","73","56"
"BRM00083344","VITORIA DA CONQUISTA, BR","2016-09-20",,"76","58"
"BRM00083344","VITORIA DA CONQUISTA, BR","2016-09-21",,"76","61"
"BRM00083344","VITORIA DA CONQUISTA, BR","2016-09-22",,"66","60"
"BRM00083344","VITORIA DA CONQUISTA, BR","2016-09-23","0.00","65","59"
"BRM00083344","VITORIA DA CONQUISTA, BR","2016-09-24","0.00","72","61"
"BRM00083344","VITORIA DA CONQUISTA, BR","2016-09-25",,"79","58"
"BRM00083344","VITORIA DA CONQUISTA, BR","2016-09-26",,"71","63"
"BRM00083344","VITORIA DA CONQUISTA, BR","2016-09-27","1.69","69","62"
"BRM00083344","VITORIA DA CONQUISTA, BR","2016-09-28","0.43","68",
"BRM00083344","VITORIA DA CONQUISTA, BR","2016-09-29","0.00","65",
"BRM00083344","VITORIA DA CONQUISTA, BR","2016-10-06","0.04","74","66"
"BRM00083344","VITORIA DA CONQUISTA, BR","2016-10-07","0.08","77","66"
"BRM00083344","VITORIA DA CONQUISTA, BR","2016-10-08","0.00","74","64"
"BRM00083344","VITORIA DA CONQUISTA, BR","2016-10-09",,"74","65"
"BRM00083344","VITORIA DA CONQUISTA, BR","2016-10-10",,"69",
"BRM00083344","VITORIA DA CONQUISTA, BR","2016-10-11","0.03","68",
"BRM00083344","VITORIA DA CONQUISTA, BR","2016-10-12","0.28","68","62"
"BRM00083344","VITORIA DA CONQUISTA, BR","2016-10-13","0.00","68","62"
"BRM00083344","VITORIA DA CONQUISTA, BR","2016-10-14","0.08","71","59"
"BRM00083344","VITORIA DA CONQUISTA, BR","2016-10-15","0.00","72","57"
"BRM00083344","VITORIA DA CONQUISTA, BR","2016-10-16",,"75","58"
"BRM00083344","VITORIA DA CONQUISTA, BR","2016-10-17",,"72","61"
"BRM00083344","VITORIA DA CONQUISTA, BR","2016-10-18",,"73","59"
"BRM00083344","VITORIA DA CONQUISTA, BR","2016-10-19",,"74","60"
"BRM00083344","VITORIA DA CONQUISTA, BR","2016-10-20",,"74","62"
"BRM00083344","VITORIA DA CONQUISTA, BR","2016-10-21",,"73","61"
"BRM00083344","VITORIA DA CONQUISTA, BR","2016-10-22",,"73","62"
"BRM00083344","VITORIA DA CONQUISTA, BR","2016-10-23",,"73","59"
"BRM00083344","VITORIA DA CONQUISTA, BR","2016-10-24",,"73","59"
"BRM00083344","VITORIA DA CONQUISTA, BR","2016-10-25",,"75","59"
"BRM00083344","VITORIA DA CONQUISTA, BR","2016-10-26",,"74","61"
"BRM00083344","VITORIA DA CONQUISTA, BR","2016-10-27",,"77","59"
"BRM00083344","VITORIA DA CONQUISTA, BR","2016-10-28",,"83","60"
"BRM00083344","VITORIA DA CONQUISTA, BR","2016-10-29",,"74","66"
"BRM00083344","VITORIA DA CONQUISTA, BR","2016-10-30",,"75","62"
"BRM00083344","VITORIA DA CONQUISTA, BR","2016-10-31","0.02","68","62"
"BRM00083344","VITORIA DA CONQUISTA, BR","2016-11-01","0.12","72","62"
"BRM00083344","VITORIA DA CONQUISTA, BR","2016-11-02","0.00","73","62"
"BRM00083344","VITORIA DA CONQUISTA, BR","2016-11-03",,"74","57"
"BRM00083344","VITORIA DA CONQUISTA, BR","2016-11-04",,"73","60"
"BRM00083344","VITORIA DA CONQUISTA, BR","2016-11-05","0.01","67","60"
"BRM00083344","VITORIA DA CONQUISTA, BR","2016-11-06","0.08","71","61"
"BRM00083344","VITORIA DA CONQUISTA, BR","2016-11-07","0.02","69",
"BRM00083344","VITORIA DA CONQUISTA, BR","2016-11-08","0.63","70","61"
"BRM00083344","VITORIA DA CONQUISTA, BR","2016-11-09","0.08","71","62"
"BRM00083344","VITORIA DA CONQUISTA, BR","2016-11-10","0.00","73","62"
"BRM00083344","VITORIA DA CONQUISTA, BR","2016-11-12",,"73","63"
"BRM00083344","VITORIA DA CONQUISTA, BR","2016-11-13",,"71","65"
"BRM00083344","VITORIA DA CONQUISTA, BR","2016-11-14","0.98","69","64"
"BRM00083344","VITORIA DA CONQUISTA, BR","2016-11-15","0.39","71","65"
"BRM00083344","VITORIA DA CONQUISTA, BR","2016-11-16","0.16","70","65"
"BRM00083344","VITORIA DA CONQUISTA, BR","2016-11-17","0.03","72","66"
"BRM00083344","VITORIA DA CONQUISTA, BR","2016-11-18","0.00","75","66"
"BRM00083344","VITORIA DA CONQUISTA, BR","2016-11-19","0.63","72","65"
"BRM00083344","VITORIA DA CONQUISTA, BR","2016-11-20","0.67","61","56"
"BRM00083344","VITORIA DA CONQUISTA, BR","2016-11-21","0.16","66","58"
"BRM00083344","VITORIA DA CONQUISTA, BR","2016-11-22","0.02","73","62"
"BRM00083344","VITORIA DA CONQUISTA, BR","2016-11-23","0.00","77","60"
"BRM00083344","VITORIA DA CONQUISTA, BR","2016-11-24",,"78","64"
"BRM00083344","VITORIA DA CONQUISTA, BR","2016-11-25",,"74","61"
"BRM00083344","VITORIA DA CONQUISTA, BR","2016-11-26",,"74","63"
"BRM00083344","VITORIA DA CONQUISTA, BR","2016-11-27",,"78","60"
"BRM00083344","VITORIA DA CONQUISTA, BR","2016-11-28",,"73","64"
"BRM00083344","VITORIA DA CONQUISTA, BR","2016-11-29",,"76",
"BRM00083344","VITORIA DA CONQUISTA, BR","2016-11-30",,"77","61"
"BRM00083344","VITORIA DA CONQUISTA, BR","2016-12-01",,"74","62"
"BRM00083344","VITORIA DA CONQUISTA, BR","2016-12-02",,"72","64"
"BRM00083344","VITORIA DA CONQUISTA, BR","2016-12-03",,"72",
"BRM00083344","VITORIA DA CONQUISTA, BR","2016-12-04",,"77","64"
"BRM00083344","VITORIA DA CONQUISTA, BR","2016-12-05",,"78","67"
"BRM00083344","VITORIA DA CONQUISTA, BR","2016-12-06","0.31","76","67"
"BRM00083344","VITORIA DA CONQUISTA, BR","2016-12-07","0.00","76",
"BRM00083344","VITORIA DA CONQUISTA, BR","2016-12-08","0.39","72","65"
"BRM00083344","VITORIA DA CONQUISTA, BR","2016-12-09","1.30","70","64"
"BRM00083344","VITORIA DA CONQUISTA, BR","2016-12-10","0.00","83","63"
"BRM00083344","VITORIA DA CONQUISTA, BR","2016-12-11",,"76","65"
"BRM00083344","VITORIA DA CONQUISTA, BR","2016-12-12","0.24","71",
"BRM00083344","VITORIA DA CONQUISTA, BR","2016-12-13","1.26","72","66"
"BRM00083344","VITORIA DA CONQUISTA, BR","2016-12-14","0.00","72","63"
"BRM00083344","VITORIA DA CONQUISTA, BR","2016-12-15",,"75","58"
"BRM00083344","VITORIA DA CONQUISTA, BR","2016-12-16",,"73",
"BRM00083344","VITORIA DA CONQUISTA, BR","2016-12-17",,"71","61"
"BRM00083344","VITORIA DA CONQUISTA, BR","2016-12-18",,"72","60"
"BRM00083344","VITORIA DA CONQUISTA, BR","2016-12-19","0.39","71","61"
"BRM00083344","VITORIA DA CONQUISTA, BR","2016-12-20","0.00","68","62"
"BRM00083344","VITORIA DA CONQUISTA, BR","2016-12-21","0.08","71","60"
"BRM00083344","VITORIA DA CONQUISTA, BR","2016-12-22","0.00","72","60"
"BRM00083344","VITORIA DA CONQUISTA, BR","2016-12-23","0.24","70","61"
"BRM00083344","VITORIA DA CONQUISTA, BR","2016-12-24","0.00","70","61"
"BRM00083344","VITORIA DA CONQUISTA, BR","2016-12-25","0.03","78","63"
"BRM00083344","VITORIA DA CONQUISTA, BR","2016-12-26","0.00","73","59"
"BRM00083344","VITORIA DA CONQUISTA, BR","2016-12-27",,"75","61"
"BRM00083344","VITORIA DA CONQUISTA, BR","2016-12-28",,"73","60"
"BRM00083344","VITORIA DA CONQUISTA, BR","2016-12-29",,"72","61"
"BRM00083344","VITORIA DA CONQUISTA, BR","2016-12-30",,"73","60"
"BRM00083344","VITORIA DA CONQUISTA, BR","2016-12-31",,"71","58"
"BRM00083344","VITORIA DA CONQUISTA, BR","2017-01-02",,"77","60"
"BRM00083344","VITORIA DA CONQUISTA, BR","2017-01-03",,"77","61"
"BRM00083344","VITORIA DA CONQUISTA, BR","2017-01-04",,"74","62"
"BRM00083344","VITORIA DA CONQUISTA, BR","2017-01-05",,"75","59"
"BRM00083344","VITORIA DA CONQUISTA, BR","2017-01-06",,"72","60"
"BRM00083344","VITORIA DA CONQUISTA, BR","2017-01-07",,"73","58"
"BRM00083344","VITORIA DA CONQUISTA, BR","2017-01-08",,"75","56"
"BRM00083344","VITORIA DA CONQUISTA, BR","2017-01-09",,"74","58"
"BRM00083344","VITORIA DA CONQUISTA, BR","2017-01-10",,"76","61"
"BRM00083344","VITORIA DA CONQUISTA, BR","2017-01-11",,"76","63"
"BRM00083344","VITORIA DA CONQUISTA, BR","2017-01-12",,"77","64"
"BRM00083344","VITORIA DA CONQUISTA, BR","2017-01-13",,"76","64"
"BRM00083344","VITORIA DA CONQUISTA, BR","2017-01-14",,"74","61"
"BRM00083344","VITORIA DA CONQUISTA, BR","2017-01-15",,"78","64"
"BRM00083344","VITORIA DA CONQUISTA, BR","2017-01-16",,"76","60"
"BRM00083344","VITORIA DA CONQUISTA, BR","2017-01-17",,"74","55"
"BRM00083344","VITORIA DA CONQUISTA, BR","2017-01-18",,"74","60"
"BRM00083344","VITORIA DA CONQUISTA, BR","2017-01-19",,"76","61"
"BRM00083344","VITORIA DA CONQUISTA, BR","2017-01-20",,"75","60"
"BRM00083344","VITORIA DA CONQUISTA, BR","2017-01-21",,"72","60"
"BRM00083344","VITORIA DA CONQUISTA, BR","2017-01-22",,"81","62"
"BRM00083344","VITORIA DA CONQUISTA, BR","2017-01-23",,"77","61"
"BRM00083344","VITORIA DA CONQUISTA, BR","2017-01-24",,"77","62"
"BRM00083344","VITORIA DA CONQUISTA, BR","2017-01-25",,"74","62"
"BRM00083344","VITORIA DA CONQUISTA, BR","2017-01-26",,"77","57"
"BRM00083344","VITORIA DA CONQUISTA, BR","2017-01-27",,"76","60"
"BRM00083344","VITORIA DA CONQUISTA, BR","2017-01-28",,"73","60"
"BRM00083344","VITORIA DA CONQUISTA, BR","2017-01-29","0.12","74",
"BRM00083344","VITORIA DA CONQUISTA, BR","2017-01-30","0.12","73","61"
"BRM00083344","VITORIA DA CONQUISTA, BR","2017-01-31","0.00","75","59"
"BRM00083344","VITORIA DA CONQUISTA, BR","2017-02-01",,"76","60"
"BRM00083344","VITORIA DA CONQUISTA, BR","2017-02-02",,"76","64"
"BRM00083344","VITORIA DA CONQUISTA, BR","2017-02-03","0.01","76","63"
"BRM00083344","VITORIA DA CONQUISTA, BR","2017-02-04","0.00","75","62"
"BRM00083344","VITORIA DA CONQUISTA, BR","2017-02-07",,"74","65"
"BRM00083344","VITORIA DA CONQUISTA, BR","2017-02-08","0.20","73","65"
"BRM00083344","VITORIA DA CONQUISTA, BR","2017-02-09","1.38","69","64"
"BRM00083344","VITORIA DA CONQUISTA, BR","2017-02-10","0.12","69","63"
"BRM00083344","VITORIA DA CONQUISTA, BR","2017-02-11","0.00","70","61"
"BRM00083344","VITORIA DA CONQUISTA, BR","2017-02-12",,"75","60"
"BRM00083344","VITORIA DA CONQUISTA, BR","2017-02-13","0.08","71","62"
"BRM00083344","VITORIA DA CONQUISTA, BR","2017-02-14","0.04","69","61"
"BRM00083344","VITORIA DA CONQUISTA, BR","2017-02-15","0.08","68","62"
"BRM00083344","VITORIA DA CONQUISTA, BR","2017-02-16","0.12","68","62"
"BRM00083344","VITORIA DA CONQUISTA, BR","2017-02-17","0.55","71",
"BRM00083344","VITORIA DA CONQUISTA, BR","2017-02-18","0.01","73","62"
"BRM00083344","VITORIA DA CONQUISTA, BR","2017-02-19","0.00","75","63"
"BRM00083344","VITORIA DA CONQUISTA, BR","2017-02-20","0.24","72","62"
"BRM00083344","VITORIA DA CONQUISTA, BR","2017-02-21","0.12","69","63"
"BRM00083344","VITORIA DA CONQUISTA, BR","2017-02-22","0.08","70","61"
"BRM00083344","VITORIA DA CONQUISTA, BR","2017-02-23","0.01","71","62"
"BRM00083344","VITORIA DA CONQUISTA, BR","2017-02-24","0.00","74","60"
"BRM00083344","VITORIA DA CONQUISTA, BR","2017-02-25",,"73","60"
"BRM00083344","VITORIA DA CONQUISTA, BR","2017-02-26",,"78","64"
"BRM00083344","VITORIA DA CONQUISTA, BR","2017-02-27",,"76","61"
"BRM00083344","VITORIA DA CONQUISTA, BR","2017-02-28",,"75","66"
"BRM00083344","VITORIA DA CONQUISTA, BR","2017-03-01",,"75","63"
"BRM00083344","VITORIA DA CONQUISTA, BR","2017-03-02",,"76","63"
"BRM00083344","VITORIA DA CONQUISTA, BR","2017-03-03",,"73","60"
"BRM00083344","VITORIA DA CONQUISTA, BR","2017-03-04",,"75","60"
"BRM00083344","VITORIA DA CONQUISTA, BR","2017-03-05",,"81","59"
"BRM00083344","VITORIA DA CONQUISTA, BR","2017-03-06",,"77","62"
"BRM00083344","VITORIA DA CONQUISTA, BR","2017-03-07",,"74","60"
"BRM00083344","VITORIA DA CONQUISTA, BR","2017-03-08",,"75","60"
"BRM00083344","VITORIA DA CONQUISTA, BR","2017-03-09",,"74","58"
"BRM00083344","VITORIA DA CONQUISTA, BR","2017-03-10",,"71","60"
"BRM00083344","VITORIA DA CONQUISTA, BR","2017-03-11","0.08","69","59"
"BRM00083344","VITORIA DA CONQUISTA, BR","2017-03-12","0.01","72","62"
"BRM00083344","VITORIA DA CONQUISTA, BR","2017-03-13","0.08","74","62"
"BRM00083344","VITORIA DA CONQUISTA, BR","2017-03-14","0.00","75","62"
"BRM00083344","VITORIA DA CONQUISTA, BR","2017-03-15",,"72","59"
"BRM00083344","VITORIA DA CONQUISTA, BR","2017-03-16",,"70","62"
"BRM00083344","VITORIA DA CONQUISTA, BR","2017-03-17",,"75","64"
"BRM00083344","VITORIA DA CONQUISTA, BR","2017-03-18",,"74","62"
"BRM00083344","VITORIA DA CONQUISTA, BR","2017-03-19",,"82","62"
"BRM00083344","VITORIA DA CONQUISTA, BR","2017-03-20",,"77","63"
"BRM00083344","VITORIA DA CONQUISTA, BR","2017-03-21",,"74","62"
"BRM00083344","VITORIA DA CONQUISTA, BR","2017-03-22","0.08","73","63"
"BRM00083344","VITORIA DA CONQUISTA, BR","2017-03-23","0.00","73","60"
"BRM00083344","VITORIA DA CONQUISTA, BR","2017-03-24",,"74","61"
"BRM00083344","VITORIA DA CONQUISTA, BR","2017-03-25",,"77","62"
"BRM00083344","VITORIA DA CONQUISTA, BR","2017-03-26",,"83","64"
"BRM00083344","VITORIA DA CONQUISTA, BR","2017-03-27",,"78","65"
"BRM00083344","VITORIA DA CONQUISTA, BR","2017-03-28","0.63","76","65"
"BRM00083344","VITORIA DA CONQUISTA, BR","2017-03-29","3.27","69","63"
"BRM00083344","VITORIA DA CONQUISTA, BR","2017-03-30","0.35","65","63"
"BRM00083344","VITORIA DA CONQUISTA, BR","2017-03-31","0.08","72","62"
"BRM00083344","VITORIA DA CONQUISTA, BR","2017-04-01","1.26","66","62"
"BRM00083344","VITORIA DA CONQUISTA, BR","2017-04-02","0.83","68","63"
"BRM00083344","VITORIA DA CONQUISTA, BR","2017-04-03","0.59","69","63"
"BRM00083344","VITORIA DA CONQUISTA, BR","2017-04-04","0.00","71","62"
"BRM00083344","VITORIA DA CONQUISTA, BR","2017-04-05","0.00","71","64"
"BRM00083344","VITORIA DA CONQUISTA, BR","2017-04-06","0.02","72","60"
"BRM00083344","VITORIA DA CONQUISTA, BR","2017-04-07","0.01","73","61"
"BRM00083344","VITORIA DA CONQUISTA, BR","2017-04-08","0.00","72","58"
"BRM00083344","VITORIA DA CONQUISTA, BR","2017-04-09",,"75","61"
"BRM00083344","VITORIA DA CONQUISTA, BR","2017-04-10",,"69","60"
"BRM00083344","VITORIA DA CONQUISTA, BR","2017-04-11",,"74","60"
"BRM00083344","VITORIA DA CONQUISTA, BR","2017-04-12",,"77","61"
"BRM00083344","VITORIA DA CONQUISTA, BR","2017-04-13",,"74","60"
"BRM00083344","VITORIA DA CONQUISTA, BR","2017-04-14",,"71","62"
"BRM00083344","VITORIA DA CONQUISTA, BR","2017-04-15","0.16","70","62"
"BRM00083344","VITORIA DA CONQUISTA, BR","2017-04-16","0.02","72","63"
"BRM00083344","VITORIA DA CONQUISTA, BR","2017-04-17","0.00","72","61"
"BRM00083344","VITORIA DA CONQUISTA, BR","2017-04-18",,"73","62"
"BRM00083344","VITORIA DA CONQUISTA, BR","2017-04-19","0.01","71","62"
"BRM00083344","VITORIA DA CONQUISTA, BR","2017-04-20","0.08","66",
"BRM00083344","VITORIA DA CONQUISTA, BR","2017-04-21","0.00","68","60"
"BRM00083344","VITORIA DA CONQUISTA, BR","2017-04-22",,"72","61"
"BRM00083344","VITORIA DA CONQUISTA, BR","2017-04-23",,"77","63"
"BRM00083344","VITORIA DA CONQUISTA, BR","2017-04-24","0.08","70","65"
"BRM00083344","VITORIA DA CONQUISTA, BR","2017-04-25","0.08","69","63"
"BRM00083344","VITORIA DA CONQUISTA, BR","2017-04-26","0.00","72","63"
"BRM00083344","VITORIA DA CONQUISTA, BR","2017-04-27",,"73",
"BRM00083344","VITORIA DA CONQUISTA, BR","2017-04-28",,"72","61"
"BRM00083344","VITORIA DA CONQUISTA, BR","2017-04-29",,"70","62"
"BRM00083344","VITORIA DA CONQUISTA, BR","2017-04-30","0.12","70","62"
"BRM00083344","VITORIA DA CONQUISTA, BR","2017-05-01","0.28","66","59"
"BRM00083344","VITORIA DA CONQUISTA, BR","2017-05-02","0.08","65","60"
"BRM00083344","VITORIA DA CONQUISTA, BR","2017-05-03","0.16","64","59"
"BRM00083344","VITORIA DA CONQUISTA, BR","2017-05-04","0.08","68","60"
"BRM00083344","VITORIA DA CONQUISTA, BR","2017-05-05","0.02","66","62"
"BRM00083344","VITORIA DA CONQUISTA, BR","2017-05-06","0.04","70","62"
"BRM00083344","VITORIA DA CONQUISTA, BR","2017-05-07","0.00","75","60"
"BRM00083344","VITORIA DA CONQUISTA, BR","2017-05-08",,"72","64"
"BRM00083344","VITORIA DA CONQUISTA, BR","2017-05-09",,"72","59"
"BRM00083344","VITORIA DA CONQUISTA, BR","2017-05-10",,"72","59"
"BRM00083344","VITORIA DA CONQUISTA, BR","2017-05-11",,"70","57"
"BRM00083344","VITORIA DA CONQUISTA, BR","2017-05-12",,"68","59"
"BRM00083344","VITORIA DA CONQUISTA, BR","2017-05-13",,"69","58"
"BRM00083344","VITORIA DA CONQUISTA, BR","2017-05-14",,"75","58"
"BRM00083344","VITORIA DA CONQUISTA, BR","2017-05-15",,"78","60"
"BRM00083344","VITORIA DA CONQUISTA, BR","2017-05-16",,"77","62"
"BRM00083344","VITORIA DA CONQUISTA, BR","2017-05-17","0.04","66",
"BRM00083344","VITORIA DA CONQUISTA, BR","2017-05-18","0.02","65","60"
"BRM00083344","VITORIA DA CONQUISTA, BR","2017-05-19","0.02","66","60"
"BRM00083344","VITORIA DA CONQUISTA, BR","2017-05-20","0.00","68","61"
"BRM00083344","VITORIA DA CONQUISTA, BR","2017-05-21","0.01","73","62"
"BRM00083344","VITORIA DA CONQUISTA, BR","2017-05-22","0.01","70","62"
"BRM00083344","VITORIA DA CONQUISTA, BR","2017-05-23","0.00","71","61"
"BRM00083344","VITORIA DA CONQUISTA, BR","2017-05-24","0.03","67","61"
"BRM00083344","VITORIA DA CONQUISTA, BR","2017-05-25","0.16","67","61"
"BRM00083344","VITORIA DA CONQUISTA, BR","2017-05-26","0.08","66","56"
"BRM00083344","VITORIA DA CONQUISTA, BR","2017-05-27","0.01","68","55"
"BRM00083344","VITORIA DA CONQUISTA, BR","2017-05-28","0.04","66","59"
"BRM00083344","VITORIA DA CONQUISTA, BR","2017-05-29","0.01","68","56"
"BRM00083344","VITORIA DA CONQUISTA, BR","2017-05-30","0.00","69","54"
"BRM00083344","VITORIA DA CONQUISTA, BR","2017-05-31",,"73","56"
"BRM00083344","VITORIA DA CONQUISTA, BR","2017-06-01",,"74","56"
"BRM00083344","VITORIA DA CONQUISTA, BR","2017-06-02",,"77","59"
"BRM00083344","VITORIA DA CONQUISTA, BR","2017-06-03",,"72","59"
"BRM00083344","VITORIA DA CONQUISTA, BR","2017-06-04","0.04","71","61"
"BRM00083344","VITORIA DA CONQUISTA, BR","2017-06-05","0.08","69","63"
"BRM00083344","VITORIA DA CONQUISTA, BR","2017-06-06","0.04","70","58"
"BRM00083344","VITORIA DA CONQUISTA, BR","2017-06-07","0.00","70","60"
"BRM00083344","VITORIA DA CONQUISTA, BR","2017-06-08",,"71","61"
"BRM00083344","VITORIA DA CONQUISTA, BR","2017-06-09",,"74","56"
"BRM00083344","VITORIA DA CONQUISTA, BR","2017-06-10",,"76","54"
"BRM00083344","VITORIA DA CONQUISTA, BR","2017-06-11",,"73","59"
"BRM00083344","VITORIA DA CONQUISTA, BR","2017-06-12",,"70","57"
"BRM00083344","VITORIA DA CONQUISTA, BR","2017-06-13",,"70","56"
"BRM00083344","VITORIA DA CONQUISTA, BR","2017-06-14",,"69","54"
"BRM00083344","VITORIA DA CONQUISTA, BR","2017-06-15",,"68","56"
"BRM00083344","VITORIA DA CONQUISTA, BR","2017-06-16","0.08","65","59"
"BRM00083344","VITORIA DA CONQUISTA, BR","2017-06-17","0.12","69","59"
"BRM00083344","VITORIA DA CONQUISTA, BR","2017-06-18","0.01","69","52"
"BRM00083344","VITORIA DA CONQUISTA, BR","2017-06-19","0.00","68","49"
"BRM00083344","VITORIA DA CONQUISTA, BR","2017-06-20",,"70","56"
"BRM00083344","VITORIA DA CONQUISTA, BR","2017-06-21",,"67","56"
"BRM00083344","VITORIA DA CONQUISTA, BR","2017-06-22","0.01","64","58"
"BRM00083344","VITORIA DA CONQUISTA, BR","2017-06-23","0.28","62","59"
"BRM00083344","VITORIA DA CONQUISTA, BR","2017-06-24","0.20","63","56"
"BRM00083344","VITORIA DA CONQUISTA, BR","2017-06-25","0.08","65","57"
"BRM00083344","VITORIA DA CONQUISTA, BR","2017-06-26","0.04","62","57"
"BRM00083344","VITORIA DA CONQUISTA, BR","2017-06-27","0.12","63","56"
"BRM00083344","VITORIA DA CONQUISTA, BR","2017-06-28","0.16","62","56"
"BRM00083344","VITORIA DA CONQUISTA, BR","2017-06-29","0.24","63","56"
"BRM00083344","VITORIA DA CONQUISTA, BR","2017-06-30","0.04","63","56"
"BRM00083344","VITORIA DA CONQUISTA, BR","2017-07-01","0.16","66","58"
"BRM00083344","VITORIA DA CONQUISTA, BR","2017-07-02","0.00","65","53"
"BRM00083344","VITORIA DA CONQUISTA, BR","2017-07-03","0.04","58","54"
"BRM00083344","VITORIA DA CONQUISTA, BR","2017-07-04","0.03","59","50"
"BRM00083344","VITORIA DA CONQUISTA, BR","2017-07-05","0.08","58","52"
"BRM00083344","VITORIA DA CONQUISTA, BR","2017-07-06","0.28","62","55"
"BRM00083344","VITORIA DA CONQUISTA, BR","2017-07-07","0.20","60","55"
"BRM00083344","VITORIA DA CONQUISTA, BR","2017-07-08","0.16","61","54"
"BRM00083344","VITORIA DA CONQUISTA, BR","2017-07-09","0.12","62","54"
"BRM00083344","VITORIA DA CONQUISTA, BR","2017-07-10","0.28","61","57"
"BRM00083344","VITORIA DA CONQUISTA, BR","2017-07-11","0.04","63","54"
"BRM00083344","VITORIA DA CONQUISTA, BR","2017-07-12","0.12","64","56"
"BRM00083344","VITORIA DA CONQUISTA, BR","2017-07-13","0.12","62","56"
"BRM00083344","VITORIA DA CONQUISTA, BR","2017-07-14","0.03","60","53"
"BRM00083344","VITORIA DA CONQUISTA, BR","2017-07-15","0.08","63","53"
"BRM00083344","VITORIA DA CONQUISTA, BR","2017-07-16","0.28","65","53"
"BRM00083344","VITORIA DA CONQUISTA, BR","2017-07-17","0.12","63","58"
"BRM00083344","VITORIA DA CONQUISTA, BR","2017-07-18","0.28","64","49"
"BRM00083344","VITORIA DA CONQUISTA, BR","2017-07-19","0.04","62","55"
"BRM00083344","VITORIA DA CONQUISTA, BR","2017-07-20","0.08","65","55"
"BRM00083344","VITORIA DA CONQUISTA, BR","2017-07-21","0.00","65","57"
"BRM00083344","VITORIA DA CONQUISTA, BR","2017-07-22","0.01","68","53"
"BRM00083344","VITORIA DA CONQUISTA, BR","2017-07-23","0.00","66","50"
"BRM00083344","VITORIA DA CONQUISTA, BR","2017-07-24","0.01","64","54"
"BRM00083344","VITORIA DA CONQUISTA, BR","2017-07-25","0.04","64","54"
"BRM00083344","VITORIA DA CONQUISTA, BR","2017-07-26","0.02","60","54"
"BRM00083344","VITORIA DA CONQUISTA, BR","2017-07-27","0.08","60","55"
"BRM00083344","VITORIA DA CONQUISTA, BR","2017-07-28","0.31","60","56"
"BRM00083344","VITORIA DA CONQUISTA, BR","2017-07-29","0.20","61","55"
"BRM00083344","VITORIA DA CONQUISTA, BR","2017-07-30","0.12","62","53"
"BRM00083344","VITORIA DA CONQUISTA, BR","2017-07-31","0.12","59","54"
"BRM00083344","VITORIA DA CONQUISTA, BR","2017-08-01","0.03","63","53"
"BRM00083344","VITORIA DA CONQUISTA, BR","2017-08-02","0.00","66","55"
"BRM00083344","VITORIA DA CONQUISTA, BR","2017-08-03",,"68",
"BRM00083344","VITORIA DA CONQUISTA, BR","2017-08-04",,"74","55"
"BRM00083344","VITORIA DA CONQUISTA, BR","2017-08-05",,"65","58"
"BRM00083344","VITORIA DA CONQUISTA, BR","2017-08-06",,"63","54"
"BRM00083344","VITORIA DA CONQUISTA, BR","2017-08-07",,"62","54"
"BRM00083344","VITORIA DA CONQUISTA, BR","2017-08-08",,"65","50"
"BRM00083344","VITORIA DA CONQUISTA, BR","2017-08-09",,"71","49"
"BRM00083344","VITORIA DA CONQUISTA, BR","2017-08-10",,"73","52"
"BRM00083344","VITORIA DA CONQUISTA, BR","2017-08-11",,"66","49"
"BRM00083344","VITORIA DA CONQUISTA, BR","2017-08-12",,"67","53"
"BRM00083344","VITORIA DA CONQUISTA, BR","2017-08-13",,"63","56"
"BRM00083344","VITORIA DA CONQUISTA, BR","2017-08-14",,"66","46"
"BRM00083344","VITORIA DA CONQUISTA, BR","2017-08-15",,"63",
"BRM00083344","VITORIA DA CONQUISTA, BR","2017-08-16","0.00","63","45"
"BRM00083344","VITORIA DA CONQUISTA, BR","2017-08-17","0.00","68",
"BRM00083344","VITORIA DA CONQUISTA, BR","2017-08-18",,"69",
"BRM00083344","VITORIA DA CONQUISTA, BR","2017-08-19",,"66",
"BRM00083344","VITORIA DA CONQUISTA, BR","2017-08-20",,"73",
"BRM00083344","VITORIA DA CONQUISTA, BR","2017-08-21",,"69",
"BRM00083344","VITORIA DA CONQUISTA, BR","2017-08-22","0.04","63",
"BRM00083344","VITORIA DA CONQUISTA, BR","2017-08-23","0.24","63",
"BRM00083344","VITORIA DA CONQUISTA, BR","2017-08-24","0.16","62",
"BRM00083344","VITORIA DA CONQUISTA, BR","2017-08-25","0.12","60",
"BRM00083344","VITORIA DA CONQUISTA, BR","2017-08-26","0.04","65",
"BRM00083344","VITORIA DA CONQUISTA, BR","2017-08-27","0.02","67",
"BRM00083344","VITORIA DA CONQUISTA, BR","2017-08-28","0.00","65",
"BRM00083344","VITORIA DA CONQUISTA, BR","2017-08-29",,"66",
"BRM00083344","VITORIA DA CONQUISTA, BR","2017-08-30",,"69",
"BRM00083344","VITORIA DA CONQUISTA, BR","2017-08-31",,"72",
"BRM00083344","VITORIA DA CONQUISTA, BR","2017-09-01",,"66",
"BRM00083344","VITORIA DA CONQUISTA, BR","2017-09-02","0.08","61",
"BRM00083344","VITORIA DA CONQUISTA, BR","2017-09-03","0.20","63",
"BRM00083344","VITORIA DA CONQUISTA, BR","2017-09-04","0.04","63",
"BRM00083344","VITORIA DA CONQUISTA, BR","2017-09-05","0.00","65",
"BRM00083344","VITORIA DA CONQUISTA, BR","2017-09-06",,"67",
"BRM00083344","VITORIA DA CONQUISTA, BR","2017-09-07",,"67",
"BRM00083344","VITORIA DA CONQUISTA, BR","2017-09-08",,"67",
"BRM00083344","VITORIA DA CONQUISTA, BR","2017-09-09",,"68",
"BRM00083344","VITORIA DA CONQUISTA, BR","2017-09-10","0.04","68",
"BRM00083344","VITORIA DA CONQUISTA, BR","2017-09-11","0.02","66",
"BRM00083344","VITORIA DA CONQUISTA, BR","2017-09-12","0.01","66",
"BRM00083344","VITORIA DA CONQUISTA, BR","2017-09-13","0.24","65",
"BRM00083344","VITORIA DA CONQUISTA, BR","2017-09-14","0.12","65",
"BRM00083344","VITORIA DA CONQUISTA, BR","2017-09-15","0.08","65",
"BRM00083344","VITORIA DA CONQUISTA, BR","2017-09-16","0.01","64",
"BRM00083344","VITORIA DA CONQUISTA, BR","2017-09-17","0.04","68",
"BRM00083344","VITORIA DA CONQUISTA, BR","2017-09-18","0.02","68",
"BRM00083344","VITORIA DA CONQUISTA, BR","2017-09-19","0.00","67",
"BRM00083344","VITORIA DA CONQUISTA, BR","2017-09-20","0.00","67",
"BRM00083344","VITORIA DA CONQUISTA, BR","2017-09-21","0.24","66",
"BRM00083344","VITORIA DA CONQUISTA, BR","2017-09-22","0.00","65",
"BRM00083344","VITORIA DA CONQUISTA, BR","2017-09-23","0.03","67",
"BRM00083344","VITORIA DA CONQUISTA, BR","2017-09-24","0.08","67",
"BRM00083344","VITORIA DA CONQUISTA, BR","2017-09-25","0.16","66",
"BRM00083344","VITORIA DA CONQUISTA, BR","2017-09-26","0.00","67",
"BRM00083344","VITORIA DA CONQUISTA, BR","2017-09-27","0.03","70",
"BRM00083344","VITORIA DA CONQUISTA, BR","2017-09-28","0.00","72",
"BRM00083344","VITORIA DA CONQUISTA, BR","2017-09-29",,"73",
"BRM00083344","VITORIA DA CONQUISTA, BR","2017-09-30",,"75",
"BRM00083344","VITORIA DA CONQUISTA, BR","2017-10-01",,"76",
"BRM00083344","VITORIA DA CONQUISTA, BR","2017-10-02",,"75",
"BRM00083344","VITORIA DA CONQUISTA, BR","2017-10-03",,"74",
"BRM00083344","VITORIA DA CONQUISTA, BR","2017-10-04",,"73",
"BRM00083344","VITORIA DA CONQUISTA, BR","2017-10-05",,"70",
"BRM00083344","VITORIA DA CONQUISTA, BR","2017-10-06","0.01","71",
"BRM00083344","VITORIA DA CONQUISTA, BR","2017-10-07","0.00","69",
"BRM00083344","VITORIA DA CONQUISTA, BR","2017-10-08",,"73",
"BRM00083344","VITORIA DA CONQUISTA, BR","2017-10-09",,"70",
"BRM00083344","VITORIA DA CONQUISTA, BR","2017-10-10",,"71",
"BRM00083344","VITORIA DA CONQUISTA, BR","2017-10-11",,"72",
"BRM00083344","VITORIA DA CONQUISTA, BR","2017-10-12",,"71",
"BRM00083344","VITORIA DA CONQUISTA, BR","2017-10-13",,"74",
"BRM00083344","VITORIA DA CONQUISTA, BR","2017-10-14",,"76",
"BRM00083344","VITORIA DA CONQUISTA, BR","2017-10-15",,"78",
"BRM00083344","VITORIA DA CONQUISTA, BR","2017-10-16",,"72",
"BRM00083344","VITORIA DA CONQUISTA, BR","2017-10-17","0.02","68",
"BRM00083344","VITORIA DA CONQUISTA, BR","2017-10-18","0.00","70",
"BRM00083344","VITORIA DA CONQUISTA, BR","2017-10-19","0.00","73",
"BRM00083344","VITORIA DA CONQUISTA, BR","2017-10-20","0.00","77",
"BRM00083344","VITORIA DA CONQUISTA, BR","2017-10-21",,"78",
"BRM00083344","VITORIA DA CONQUISTA, BR","2017-10-22",,"81",
"BRM00083344","VITORIA DA CONQUISTA, BR","2017-10-23",,"76",
"BRM00083344","VITORIA DA CONQUISTA, BR","2017-10-24",,"72",
"BRM00083344","VITORIA DA CONQUISTA, BR","2017-10-25",,"72",
"BRM00083344","VITORIA DA CONQUISTA, BR","2017-10-26",,"74",
"BRM00083344","VITORIA DA CONQUISTA, BR","2017-10-27",,"76",
"BRM00083344","VITORIA DA CONQUISTA, BR","2017-10-28",,"80",
"BRM00083344","VITORIA DA CONQUISTA, BR","2017-10-29",,"84",
"BRM00083344","VITORIA DA CONQUISTA, BR","2017-10-30",,"76",
"BRM00083344","VITORIA DA CONQUISTA, BR","2017-10-31","0.04","78",
"BRM00083344","VITORIA DA CONQUISTA, BR","2017-11-01","0.00","73",
"BRM00083344","VITORIA DA CONQUISTA, BR","2017-11-02","2.36","67",
"BRM00083344","VITORIA DA CONQUISTA, BR","2017-11-03","0.02","69",
"BRM00083344","VITORIA DA CONQUISTA, BR","2017-11-04","0.03","74",
"BRM00083344","VITORIA DA CONQUISTA, BR","2017-11-05","0.01","76",
"BRM00083344","VITORIA DA CONQUISTA, BR","2017-11-06","0.00","74",
"BRM00083344","VITORIA DA CONQUISTA, BR","2017-11-07","0.12","66",
"BRM00083344","VITORIA DA CONQUISTA, BR","2017-11-08","0.24","67",
"BRM00083344","VITORIA DA CONQUISTA, BR","2017-11-09","0.08","71",
"BRM00083344","VITORIA DA CONQUISTA, BR","2017-11-10","0.00","73",
"BRM00083344","VITORIA DA CONQUISTA, BR","2017-11-11",,"76",
"BRM00083344","VITORIA DA CONQUISTA, BR","2017-11-12","0.31","77",
"BRM00083344","VITORIA DA CONQUISTA, BR","2017-11-13","0.04","71",
"BRM00083344","VITORIA DA CONQUISTA, BR","2017-11-14","0.08","69",
"BRM00083344","VITORIA DA CONQUISTA, BR","2017-11-15","0.98","70",
"BRM00083344","VITORIA DA CONQUISTA, BR","2017-11-16","0.00","69",
"BRM00083344","VITORIA DA CONQUISTA, BR","2017-11-17","0.16","73",
"BRM00083344","VITORIA DA CONQUISTA, BR","2017-11-18","0.00","74",
"BRM00083344","VITORIA DA CONQUISTA, BR","2017-11-19",,"78",
"BRM00083344","VITORIA DA CONQUISTA, BR","2017-11-20",,"75",
"BRM00083344","VITORIA DA CONQUISTA, BR","2017-11-21",,"75",
"BRM00083344","VITORIA DA CONQUISTA, BR","2017-11-22",,"76",
"BRM00083344","VITORIA DA CONQUISTA, BR","2017-11-23",,"78",
"BRM00083344","VITORIA DA CONQUISTA, BR","2017-11-24",,"74",
"BRM00083344","VITORIA DA CONQUISTA, BR","2017-11-25",,"73",
"BRM00083344","VITORIA DA CONQUISTA, BR","2017-11-26",,"76",
"BRM00083344","VITORIA DA CONQUISTA, BR","2017-11-27",,"75",
"BRM00083344","VITORIA DA CONQUISTA, BR","2017-11-28",,"75",
"BRM00083344","VITORIA DA CONQUISTA, BR","2017-11-29",,"76",
"BRM00083344","VITORIA DA CONQUISTA, BR","2017-11-30",,"75",
"BRM00083344","VITORIA DA CONQUISTA, BR","2017-12-01",,"75",
"BRM00083344","VITORIA DA CONQUISTA, BR","2017-12-02",,"70",
"BRM00083344","VITORIA DA CONQUISTA, BR","2017-12-03",,"75",
"BRM00083344","VITORIA DA CONQUISTA, BR","2017-12-04",,"81",
"BRM00083344","VITORIA DA CONQUISTA, BR","2017-12-05",,"81",
"BRM00083344","VITORIA DA CONQUISTA, BR","2017-12-06",,"75",
"BRM00083344","VITORIA DA CONQUISTA, BR","2017-12-07","0.02","73",
"BRM00083344","VITORIA DA CONQUISTA, BR","2017-12-08","0.08","69",
"BRM00083344","VITORIA DA CONQUISTA, BR","2017-12-09","0.39","74",
"BRM00083344","VITORIA DA CONQUISTA, BR","2017-12-10","0.31","74",
"BRM00083344","VITORIA DA CONQUISTA, BR","2017-12-11","0.20","70",
"BRM00083344","VITORIA DA CONQUISTA, BR","2017-12-12","1.14","74",
"BRM00083344","VITORIA DA CONQUISTA, BR","2017-12-13","2.09","70",
"BRM00083344","VITORIA DA CONQUISTA, BR","2017-12-14","0.02","71",
"BRM00083344","VITORIA DA CONQUISTA, BR","2017-12-15","0.00","71",
"BRM00083344","VITORIA DA CONQUISTA, BR","2017-12-16","0.01","75",
"BRM00083344","VITORIA DA CONQUISTA, BR","2017-12-17","0.00","75",
"BRM00083344","VITORIA DA CONQUISTA, BR","2017-12-18",,"72",
"BRM00083344","VITORIA DA CONQUISTA, BR","2017-12-19","0.03","72",
"BRM00083344","VITORIA DA CONQUISTA, BR","2017-12-20","0.04","72",
"BRM00083344","VITORIA DA CONQUISTA, BR","2017-12-21","0.00","74",
"BRM00083344","VITORIA DA CONQUISTA, BR","2017-12-22",,"74",
"BRM00083344","VITORIA DA CONQUISTA, BR","2017-12-23",,"72",
"BRM00083344","VITORIA DA CONQUISTA, BR","2017-12-24",,"73",
"BRM00083344","VITORIA DA CONQUISTA, BR","2017-12-25",,"74",
"BRM00083344","VITORIA DA CONQUISTA, BR","2017-12-26",,"75",
"BRM00083344","VITORIA DA CONQUISTA, BR","2017-12-27",,"76",
"BRM00083344","VITORIA DA CONQUISTA, BR","2017-12-28",,"76",
"BRM00083344","VITORIA DA CONQUISTA, BR","2017-12-29",,"78",
"BRM00083344","VITORIA DA CONQUISTA, BR","2017-12-30",,"80",
"BRM00083344","VITORIA DA CONQUISTA, BR","2017-12-31",,"83",
"BRM00083344","VITORIA DA CONQUISTA, BR","2018-01-01",,"79",
"BRM00083344","VITORIA DA CONQUISTA, BR","2018-01-02",,"80",
"BRM00083344","VITORIA DA CONQUISTA, BR","2018-01-03",,"74",
"BRM00083344","VITORIA DA CONQUISTA, BR","2018-01-04","4.17","75",
"BRM00083344","VITORIA DA CONQUISTA, BR","2018-01-05","0.00","77",
"BRM00083344","VITORIA DA CONQUISTA, BR","2018-01-06",,"75",
"BRM00083344","VITORIA DA CONQUISTA, BR","2018-01-07",,"79",
"BRM00083344","VITORIA DA CONQUISTA, BR","2018-01-08",,"75",
"BRM00083344","VITORIA DA CONQUISTA, BR","2018-01-09",,"72",
"BRM00083344","VITORIA DA CONQUISTA, BR","2018-01-10","0.20","71",
"BRM00083344","VITORIA DA CONQUISTA, BR","2018-01-11","0.01","69",
"BRM00083344","VITORIA DA CONQUISTA, BR","2018-01-12","0.08","75",
"BRM00083344","VITORIA DA CONQUISTA, BR","2018-01-13","0.00","75",
"BRM00083344","VITORIA DA CONQUISTA, BR","2018-01-14",,"73",
"BRM00083344","VITORIA DA CONQUISTA, BR","2018-01-15",,"76",
"BRM00083344","VITORIA DA CONQUISTA, BR","2018-01-16",,"73",
"BRM00083344","VITORIA DA CONQUISTA, BR","2018-01-17",,"73",
"BRM00083344","VITORIA DA CONQUISTA, BR","2018-01-18",,"72",
"BRM00083344","VITORIA DA CONQUISTA, BR","2018-01-19","0.03","74",
"BRM00083344","VITORIA DA CONQUISTA, BR","2018-01-20","0.00","77",
"BRM00083344","VITORIA DA CONQUISTA, BR","2018-01-21",,"80",
"BRM00083344","VITORIA DA CONQUISTA, BR","2018-01-22",,"77",
"BRM00083344","VITORIA DA CONQUISTA, BR","2018-01-23",,"75",
"BRM00083344","VITORIA DA CONQUISTA, BR","2018-01-24",,"76",
"BRM00083344","VITORIA DA CONQUISTA, BR","2018-01-25",,"72",
"BRM00083344","VITORIA DA CONQUISTA, BR","2018-01-26","0.16","76",
"BRM00083344","VITORIA DA CONQUISTA, BR","2018-01-27","0.00","76",
"BRM00083344","VITORIA DA CONQUISTA, BR","2018-01-28","0.00","77",
"BRM00083344","VITORIA DA CONQUISTA, BR","2018-01-29","0.08","77",
"BRM00083344","VITORIA DA CONQUISTA, BR","2018-01-30","0.00","76",
"BRM00083344","VITORIA DA CONQUISTA, BR","2018-01-31",,"75",
"BRM00083344","VITORIA DA CONQUISTA, BR","2018-02-01","0.20","76",
"BRM00083344","VITORIA DA CONQUISTA, BR","2018-02-02","0.00","79",
"BRM00083344","VITORIA DA CONQUISTA, BR","2018-02-03","0.35","71",
"BRM00083344","VITORIA DA CONQUISTA, BR","2018-02-04","0.71","73",
"BRM00083344","VITORIA DA CONQUISTA, BR","2018-02-05","0.16","73",
"BRM00083344","VITORIA DA CONQUISTA, BR","2018-02-06","0.00","72",
"BRM00083344","VITORIA DA CONQUISTA, BR","2018-02-07","0.63","70",
"BRM00083344","VITORIA DA CONQUISTA, BR","2018-02-08","0.20","74",
"BRM00083344","VITORIA DA CONQUISTA, BR","2018-02-09","0.02","76",
"BRM00083344","VITORIA DA CONQUISTA, BR","2018-02-10","0.00","75",
"BRM00083344","VITORIA DA CONQUISTA, BR","2018-02-11",,"75",
"BRM00083344","VITORIA DA CONQUISTA, BR","2018-02-12",,"75",
"BRM00083344","VITORIA DA CONQUISTA, BR","2018-02-13",,"74",
"BRM00083344","VITORIA DA CONQUISTA, BR","2018-02-14",,"71",
"BRM00083344","VITORIA DA CONQUISTA, BR","2018-02-15","0.24","70",
"BRM00083344","VITORIA DA CONQUISTA, BR","2018-02-16","0.02","71",
"BRM00083344","VITORIA DA CONQUISTA, BR","2018-02-17","0.12","72",
"BRM00083344","VITORIA DA CONQUISTA, BR","2018-02-18","0.00","76",
"BRM00083344","VITORIA DA CONQUISTA, BR","2018-02-19",,"74",
"BRM00083344","VITORIA DA CONQUISTA, BR","2018-02-20",,"74",
"BRM00083344","VITORIA DA CONQUISTA, BR","2018-02-21",,"75",
"BRM00083344","VITORIA DA CONQUISTA, BR","2018-02-22",,"77",
"BRM00083344","VITORIA DA CONQUISTA, BR","2018-02-23",,"79",
"BRM00083344","VITORIA DA CONQUISTA, BR","2018-02-24",,"76",
"BRM00083344","VITORIA DA CONQUISTA, BR","2018-02-25","0.03","73",
"BRM00083344","VITORIA DA CONQUISTA, BR","2018-02-26","0.47","73",
