"STATION","NAME","DATE","PRCP","TAVG","TMAX","TMIN"
"MXM00076692","HACIENDA YLANG YLANG VERACRUZ, MX","2015-01-01","0.00","74","80","71"
"MXM00076692","HACIENDA YLANG YLANG VERACRUZ, MX","2015-01-02","0.00","74","82","70"
"MXM00076692","HACIENDA YLANG YLANG VERACRUZ, MX","2015-01-03","0.00","75","82","69"
"MXM00076692","HACIENDA YLANG YLANG VERACRUZ, MX","2015-01-04","0.00","74","81","69"
"MXM00076692","HACIENDA YLANG YLANG VERACRUZ, MX","2015-01-05",,"69",,
"MXM00076692","HACIENDA YLANG YLANG VERACRUZ, MX","2015-01-06",,"68","74","63"
"MXM00076692","HACIENDA YLANG YLANG VERACRUZ, MX","2015-01-07",,"71",,
"MXM00076692","HACIENDA YLANG YLANG VERACRUZ, MX","2015-01-08","0.00","70","77","67"
"MXM00076692","HACIENDA YLANG YLANG VERACRUZ, MX","2015-01-09","0.10","66","72","64"
"MXM00076692","HACIENDA YLANG YLANG VERACRUZ, MX","2015-01-10","0.00","65",,
"MXM00076692","HACIENDA YLANG YLANG VERACRUZ, MX","2015-01-11","0.00","65","70","62"
"MXM00076692","HACIENDA YLANG YLANG VERACRUZ, MX","2015-01-12","0.00","69","76","62"
"MXM00076692","HACIENDA YLANG YLANG VERACRUZ, MX","2015-01-13","0.00","70","76","65"
"MXM00076692","HACIENDA YLANG YLANG VERACRUZ, MX","2015-01-14","0.00","67","73","64"
"MXM00076692","HACIENDA YLANG YLANG VERACRUZ, MX","2015-01-15","0.00","66","70","64"
"MXM00076692","HACIENDA YLANG YLANG VERACRUZ, MX","2015-01-16","0.00","64","69","62"
"MXM00076692","HACIENDA YLANG YLANG VERACRUZ, MX","2015-01-17","0.00","65","74","58"
"MXM00076692","HACIENDA YLANG YLANG VERACRUZ, MX","2015-01-18","0.00","69","75","58"
"MXM00076692","HACIENDA YLANG YLANG VERACRUZ, MX","2015-01-19","0.00","69","80","59"
"MXM00076692","HACIENDA YLANG YLANG VERACRUZ, MX","2015-01-20","0.00","69","80","59"
"MXM00076692","HACIENDA YLANG YLANG VERACRUZ, MX","2015-01-21","0.00","71","78","64"
"MXM00076692","HACIENDA YLANG YLANG VERACRUZ, MX","2015-01-22","0.00","70","79","65"
"MXM00076692","HACIENDA YLANG YLANG VERACRUZ, MX","2015-01-23","0.00","70","78","65"
"MXM00076692","HACIENDA YLANG YLANG VERACRUZ, MX","2015-01-24","0.00","63","71","62"
"MXM00076692","HACIENDA YLANG YLANG VERACRUZ, MX","2015-01-25","0.00","64","72","56"
"MXM00076692","HACIENDA YLANG YLANG VERACRUZ, MX","2015-01-26","0.00","68","76","56"
"MXM00076692","HACIENDA YLANG YLANG VERACRUZ, MX","2015-01-27","0.00","68","78","58"
"MXM00076692","HACIENDA YLANG YLANG VERACRUZ, MX","2015-01-28","0.00","68","78","58"
"MXM00076692","HACIENDA YLANG YLANG VERACRUZ, MX","2015-01-29","0.00","68","78","58"
"MXM00076692","HACIENDA YLANG YLANG VERACRUZ, MX","2015-01-30","0.00","70","78","58"
"MXM00076692","HACIENDA YLANG YLANG VERACRUZ, MX","2015-01-31","0.00","68","78","62"
"MXM00076692","HACIENDA YLANG YLANG VERACRUZ, MX","2015-02-01","0.00","71","77","61"
"MXM00076692","HACIENDA YLANG YLANG VERACRUZ, MX","2015-02-02","0.00","70","78","62"
"MXM00076692","HACIENDA YLANG YLANG VERACRUZ, MX","2015-02-03","0.00","68","78","65"
"MXM00076692","HACIENDA YLANG YLANG VERACRUZ, MX","2015-02-04","0.00","67","72","62"
"MXM00076692","HACIENDA YLANG YLANG VERACRUZ, MX","2015-02-05","0.00","69",,
"MXM00076692","HACIENDA YLANG YLANG VERACRUZ, MX","2015-02-06","0.00","70","77","63"
"MXM00076692","HACIENDA YLANG YLANG VERACRUZ, MX","2015-02-07","0.00","69","77","65"
"MXM00076692","HACIENDA YLANG YLANG VERACRUZ, MX","2015-02-08","0.00","68","78","57"
"MXM00076692","HACIENDA YLANG YLANG VERACRUZ, MX","2015-02-09","0.00","69","78","57"
"MXM00076692","HACIENDA YLANG YLANG VERACRUZ, MX","2015-02-10","0.00","69","78","61"
"MXM00076692","HACIENDA YLANG YLANG VERACRUZ, MX","2015-02-11","0.00","69","79","63"
"MXM00076692","HACIENDA YLANG YLANG VERACRUZ, MX","2015-02-12","0.00","70","79","63"
"MXM00076692","HACIENDA YLANG YLANG VERACRUZ, MX","2015-02-13","0.00","72",,
"MXM00076692","HACIENDA YLANG YLANG VERACRUZ, MX","2015-02-14","0.00","71","80","64"
"MXM00076692","HACIENDA YLANG YLANG VERACRUZ, MX","2015-02-15","0.00","71","79","63"
"MXM00076692","HACIENDA YLANG YLANG VERACRUZ, MX","2015-02-16","0.00","72","79","63"
"MXM00076692","HACIENDA YLANG YLANG VERACRUZ, MX","2015-02-17","0.00","72","80","63"
"MXM00076692","HACIENDA YLANG YLANG VERACRUZ, MX","2015-02-18","0.00","67","75","63"
"MXM00076692","HACIENDA YLANG YLANG VERACRUZ, MX","2015-02-19","0.00","66","70","62"
"MXM00076692","HACIENDA YLANG YLANG VERACRUZ, MX","2015-02-20","0.00","69","81","62"
"MXM00076692","HACIENDA YLANG YLANG VERACRUZ, MX","2015-02-21","0.00","71","82","63"
"MXM00076692","HACIENDA YLANG YLANG VERACRUZ, MX","2015-02-22","0.00","72","79","63"
"MXM00076692","HACIENDA YLANG YLANG VERACRUZ, MX","2015-02-23","0.00","75","81","66"
"MXM00076692","HACIENDA YLANG YLANG VERACRUZ, MX","2015-02-24","0.00","72","82","69"
"MXM00076692","HACIENDA YLANG YLANG VERACRUZ, MX","2015-02-25","0.00","69","77","65"
"MXM00076692","HACIENDA YLANG YLANG VERACRUZ, MX","2015-02-26","0.00","68","81","65"
"MXM00076692","HACIENDA YLANG YLANG VERACRUZ, MX","2015-02-27","0.00","69",,
"MXM00076692","HACIENDA YLANG YLANG VERACRUZ, MX","2015-02-28","0.00","70","75","67"
"MXM00076692","HACIENDA YLANG YLANG VERACRUZ, MX","2015-03-01","0.00","71",,
"MXM00076692","HACIENDA YLANG YLANG VERACRUZ, MX","2015-03-02","0.00","74","81","67"
"MXM00076692","HACIENDA YLANG YLANG VERACRUZ, MX","2015-03-03","0.00","74","82","67"
"MXM00076692","HACIENDA YLANG YLANG VERACRUZ, MX","2015-03-04","0.00","74","83","67"
"MXM00076692","HACIENDA YLANG YLANG VERACRUZ, MX","2015-03-05","0.00","73","85","68"
"MXM00076692","HACIENDA YLANG YLANG VERACRUZ, MX","2015-03-06","0.00","63","79","60"
"MXM00076692","HACIENDA YLANG YLANG VERACRUZ, MX","2015-03-07","0.00","65","68","59"
"MXM00076692","HACIENDA YLANG YLANG VERACRUZ, MX","2015-03-08","0.17","67","72","61"
"MXM00076692","HACIENDA YLANG YLANG VERACRUZ, MX","2015-03-09","0.00","69","79","64"
"MXM00076692","HACIENDA YLANG YLANG VERACRUZ, MX","2015-03-10","0.00","72","80","64"
"MXM00076692","HACIENDA YLANG YLANG VERACRUZ, MX","2015-03-11","0.00","72","79","68"
"MXM00076692","HACIENDA YLANG YLANG VERACRUZ, MX","2015-03-12","0.00","66",,
"MXM00076692","HACIENDA YLANG YLANG VERACRUZ, MX","2015-03-13","0.97","67","75","63"
"MXM00076692","HACIENDA YLANG YLANG VERACRUZ, MX","2015-03-14","0.01","71",,
"MXM00076692","HACIENDA YLANG YLANG VERACRUZ, MX","2015-03-15","0.01","70","79","67"
"MXM00076692","HACIENDA YLANG YLANG VERACRUZ, MX","2015-03-16","2.71","70","77","67"
"MXM00076692","HACIENDA YLANG YLANG VERACRUZ, MX","2015-03-17","0.00","69","76","66"
"MXM00076692","HACIENDA YLANG YLANG VERACRUZ, MX","2015-03-18","0.00","72","81","66"
"MXM00076692","HACIENDA YLANG YLANG VERACRUZ, MX","2015-03-19","0.00","72","81","68"
"MXM00076692","HACIENDA YLANG YLANG VERACRUZ, MX","2015-03-20","0.00","74",,
"MXM00076692","HACIENDA YLANG YLANG VERACRUZ, MX","2015-03-21","0.00","78","87","68"
"MXM00076692","HACIENDA YLANG YLANG VERACRUZ, MX","2015-03-22","0.00","77","83","73"
"MXM00076692","HACIENDA YLANG YLANG VERACRUZ, MX","2015-03-23","0.00","75","84","73"
"MXM00076692","HACIENDA YLANG YLANG VERACRUZ, MX","2015-03-24","2.02","74",,
"MXM00076692","HACIENDA YLANG YLANG VERACRUZ, MX","2015-03-25","0.00","77","85","71"
"MXM00076692","HACIENDA YLANG YLANG VERACRUZ, MX","2015-03-26","0.00","80","90","73"
"MXM00076692","HACIENDA YLANG YLANG VERACRUZ, MX","2015-03-27","0.00","76","93","71"
"MXM00076692","HACIENDA YLANG YLANG VERACRUZ, MX","2015-03-28","0.00","72","80","68"
"MXM00076692","HACIENDA YLANG YLANG VERACRUZ, MX","2015-03-29","0.00","73","80","68"
"MXM00076692","HACIENDA YLANG YLANG VERACRUZ, MX","2015-03-30","0.00","75","81","68"
"MXM00076692","HACIENDA YLANG YLANG VERACRUZ, MX","2015-03-31","0.00","76","83","70"
"MXM00076692","HACIENDA YLANG YLANG VERACRUZ, MX","2015-04-01","0.00","76","87","71"
"MXM00076692","HACIENDA YLANG YLANG VERACRUZ, MX","2015-04-02","0.00","78","87","71"
"MXM00076692","HACIENDA YLANG YLANG VERACRUZ, MX","2015-04-03","0.00","80","86","74"
"MXM00076692","HACIENDA YLANG YLANG VERACRUZ, MX","2015-04-04","0.00","79","86","75"
"MXM00076692","HACIENDA YLANG YLANG VERACRUZ, MX","2015-04-05","0.03","79","85","75"
"MXM00076692","HACIENDA YLANG YLANG VERACRUZ, MX","2015-04-06","0.00","78","87","70"
"MXM00076692","HACIENDA YLANG YLANG VERACRUZ, MX","2015-04-07","0.00","80","87","70"
"MXM00076692","HACIENDA YLANG YLANG VERACRUZ, MX","2015-04-08","0.00","80","87","75"
"MXM00076692","HACIENDA YLANG YLANG VERACRUZ, MX","2015-04-09","0.00","80","87","75"
"MXM00076692","HACIENDA YLANG YLANG VERACRUZ, MX","2015-04-10","0.00","81","88","76"
"MXM00076692","HACIENDA YLANG YLANG VERACRUZ, MX","2015-04-11","0.00","81","87","78"
"MXM00076692","HACIENDA YLANG YLANG VERACRUZ, MX","2015-04-12","0.00","82","92","77"
"MXM00076692","HACIENDA YLANG YLANG VERACRUZ, MX","2015-04-13","0.00","82","92","77"
"MXM00076692","HACIENDA YLANG YLANG VERACRUZ, MX","2015-04-14","0.00","82","89","77"
"MXM00076692","HACIENDA YLANG YLANG VERACRUZ, MX","2015-04-15","0.00","80",,
"MXM00076692","HACIENDA YLANG YLANG VERACRUZ, MX","2015-04-16","0.67","81","90","73"
"MXM00076692","HACIENDA YLANG YLANG VERACRUZ, MX","2015-04-17","0.00","83",,
"MXM00076692","HACIENDA YLANG YLANG VERACRUZ, MX","2015-04-18","0.00","83","90","77"
"MXM00076692","HACIENDA YLANG YLANG VERACRUZ, MX","2015-04-19","0.00","83","90","77"
"MXM00076692","HACIENDA YLANG YLANG VERACRUZ, MX","2015-04-20","0.00","83","90","78"
"MXM00076692","HACIENDA YLANG YLANG VERACRUZ, MX","2015-04-21","0.00","85","91","78"
"MXM00076692","HACIENDA YLANG YLANG VERACRUZ, MX","2015-04-22","0.00","84","91","80"
"MXM00076692","HACIENDA YLANG YLANG VERACRUZ, MX","2015-04-23","0.00","85","91","80"
"MXM00076692","HACIENDA YLANG YLANG VERACRUZ, MX","2015-04-24","0.00","87",,
"MXM00076692","HACIENDA YLANG YLANG VERACRUZ, MX","2015-04-25","0.00","86","94","81"
"MXM00076692","HACIENDA YLANG YLANG VERACRUZ, MX","2015-04-26","0.00","87","97","78"
"MXM00076692","HACIENDA YLANG YLANG VERACRUZ, MX","2015-04-27","0.00","89",,
"MXM00076692","HACIENDA YLANG YLANG VERACRUZ, MX","2015-04-28","0.00","87","106","79"
"MXM00076692","HACIENDA YLANG YLANG VERACRUZ, MX","2015-04-29","0.00","77",,
"MXM00076692","HACIENDA YLANG YLANG VERACRUZ, MX","2015-04-30","0.02","71",,
"MXM00076692","HACIENDA YLANG YLANG VERACRUZ, MX","2015-05-01",,"74","79","67"
"MXM00076692","HACIENDA YLANG YLANG VERACRUZ, MX","2015-05-02","0.00","78","84","71"
"MXM00076692","HACIENDA YLANG YLANG VERACRUZ, MX","2015-05-03","0.00","80",,
"MXM00076692","HACIENDA YLANG YLANG VERACRUZ, MX","2015-05-04","0.00","80","86","75"
"MXM00076692","HACIENDA YLANG YLANG VERACRUZ, MX","2015-05-05","0.00","81",,
"MXM00076692","HACIENDA YLANG YLANG VERACRUZ, MX","2015-05-06","0.00","82",,
"MXM00076692","HACIENDA YLANG YLANG VERACRUZ, MX","2015-05-07","0.00","83","92","77"
"MXM00076692","HACIENDA YLANG YLANG VERACRUZ, MX","2015-05-08","0.00","83","92","77"
"MXM00076692","HACIENDA YLANG YLANG VERACRUZ, MX","2015-05-09","0.00","85","96","80"
"MXM00076692","HACIENDA YLANG YLANG VERACRUZ, MX","2015-05-10","0.00","84","91","80"
"MXM00076692","HACIENDA YLANG YLANG VERACRUZ, MX","2015-05-11","0.00","84","90","80"
"MXM00076692","HACIENDA YLANG YLANG VERACRUZ, MX","2015-05-12","0.00","84","90","81"
"MXM00076692","HACIENDA YLANG YLANG VERACRUZ, MX","2015-05-13","0.00","82",,
"MXM00076692","HACIENDA YLANG YLANG VERACRUZ, MX","2015-05-14","0.72","82",,
"MXM00076692","HACIENDA YLANG YLANG VERACRUZ, MX","2015-05-15","0.09","83","90","74"
"MXM00076692","HACIENDA YLANG YLANG VERACRUZ, MX","2015-05-16","0.00","84","92","79"
"MXM00076692","HACIENDA YLANG YLANG VERACRUZ, MX","2015-05-17","0.00","83","92","80"
"MXM00076692","HACIENDA YLANG YLANG VERACRUZ, MX","2015-05-18","0.00","85","92","80"
"MXM00076692","HACIENDA YLANG YLANG VERACRUZ, MX","2015-05-19","0.00","83","91","77"
"MXM00076692","HACIENDA YLANG YLANG VERACRUZ, MX","2015-05-20","0.00","84","92","77"
"MXM00076692","HACIENDA YLANG YLANG VERACRUZ, MX","2015-05-21","0.00","84","92","79"
"MXM00076692","HACIENDA YLANG YLANG VERACRUZ, MX","2015-05-22","0.06","84",,
"MXM00076692","HACIENDA YLANG YLANG VERACRUZ, MX","2015-05-23","1.07","81","93","73"
"MXM00076692","HACIENDA YLANG YLANG VERACRUZ, MX","2015-05-24","0.00","84","91","73"
"MXM00076692","HACIENDA YLANG YLANG VERACRUZ, MX","2015-05-25","0.00","83","89","76"
"MXM00076692","HACIENDA YLANG YLANG VERACRUZ, MX","2015-05-26","0.00","84","91","76"
"MXM00076692","HACIENDA YLANG YLANG VERACRUZ, MX","2015-05-27","0.00","84","92","80"
"MXM00076692","HACIENDA YLANG YLANG VERACRUZ, MX","2015-05-28","0.00","84","92","80"
"MXM00076692","HACIENDA YLANG YLANG VERACRUZ, MX","2015-05-29","0.00","85","90","80"
"MXM00076692","HACIENDA YLANG YLANG VERACRUZ, MX","2015-05-30","0.00","85","90","80"
"MXM00076692","HACIENDA YLANG YLANG VERACRUZ, MX","2015-05-31","0.00","82","90","76"
"MXM00076692","HACIENDA YLANG YLANG VERACRUZ, MX","2015-06-01","0.00","79","86","76"
"MXM00076692","HACIENDA YLANG YLANG VERACRUZ, MX","2015-06-02","0.59","81",,
"MXM00076692","HACIENDA YLANG YLANG VERACRUZ, MX","2015-06-03","0.00","82",,
"MXM00076692","HACIENDA YLANG YLANG VERACRUZ, MX","2015-06-04","0.00","82","89","79"
"MXM00076692","HACIENDA YLANG YLANG VERACRUZ, MX","2015-06-05",,"83","87","77"
"MXM00076692","HACIENDA YLANG YLANG VERACRUZ, MX","2015-06-06",,"83",,
"MXM00076692","HACIENDA YLANG YLANG VERACRUZ, MX","2015-06-07",,"83",,
"MXM00076692","HACIENDA YLANG YLANG VERACRUZ, MX","2015-06-08",,"84",,
"MXM00076692","HACIENDA YLANG YLANG VERACRUZ, MX","2015-06-09","0.05","84","89","76"
"MXM00076692","HACIENDA YLANG YLANG VERACRUZ, MX","2015-06-10","0.01","84","91","76"
"MXM00076692","HACIENDA YLANG YLANG VERACRUZ, MX","2015-06-11","0.67","84","91","77"
"MXM00076692","HACIENDA YLANG YLANG VERACRUZ, MX","2015-06-12","0.00","85",,
"MXM00076692","HACIENDA YLANG YLANG VERACRUZ, MX","2015-06-13",,"81",,
"MXM00076692","HACIENDA YLANG YLANG VERACRUZ, MX","2015-06-14",,"83","90","75"
"MXM00076692","HACIENDA YLANG YLANG VERACRUZ, MX","2015-06-15",,"84",,
"MXM00076692","HACIENDA YLANG YLANG VERACRUZ, MX","2015-06-16","0.02","83","91","74"
"MXM00076692","HACIENDA YLANG YLANG VERACRUZ, MX","2015-06-17","0.00","85","91","79"
"MXM00076692","HACIENDA YLANG YLANG VERACRUZ, MX","2015-06-18","0.00","85","91","77"
"MXM00076692","HACIENDA YLANG YLANG VERACRUZ, MX","2015-06-19",,"83","91","77"
"MXM00076692","HACIENDA YLANG YLANG VERACRUZ, MX","2015-06-20","2.96","81","88","74"
"MXM00076692","HACIENDA YLANG YLANG VERACRUZ, MX","2015-06-21","0.00","85",,
"MXM00076692","HACIENDA YLANG YLANG VERACRUZ, MX","2015-06-22",,"85",,
"MXM00076692","HACIENDA YLANG YLANG VERACRUZ, MX","2015-06-23",,"85",,
"MXM00076692","HACIENDA YLANG YLANG VERACRUZ, MX","2015-06-24","0.08","82","91","75"
"MXM00076692","HACIENDA YLANG YLANG VERACRUZ, MX","2015-06-25","0.44","83","90","74"
"MXM00076692","HACIENDA YLANG YLANG VERACRUZ, MX","2015-06-26","0.00","84","90","74"
"MXM00076692","HACIENDA YLANG YLANG VERACRUZ, MX","2015-06-27",,"83",,
"MXM00076692","HACIENDA YLANG YLANG VERACRUZ, MX","2015-06-28",,"83",,
"MXM00076692","HACIENDA YLANG YLANG VERACRUZ, MX","2015-06-29",,"83",,
"MXM00076692","HACIENDA YLANG YLANG VERACRUZ, MX","2015-06-30","0.00","83","90","76"
"MXM00076692","HACIENDA YLANG YLANG VERACRUZ, MX","2015-07-01",,"83","89","76"
"MXM00076692","HACIENDA YLANG YLANG VERACRUZ, MX","2015-07-02","0.46","82","90","75"
"MXM00076692","HACIENDA YLANG YLANG VERACRUZ, MX","2015-07-03","0.22","80","89","76"
"MXM00076692","HACIENDA YLANG YLANG VERACRUZ, MX","2015-07-04","0.00","80",,
"MXM00076692","HACIENDA YLANG YLANG VERACRUZ, MX","2015-07-05","1.72","83",,
"MXM00076692","HACIENDA YLANG YLANG VERACRUZ, MX","2015-07-06","0.00","85",,
"MXM00076692","HACIENDA YLANG YLANG VERACRUZ, MX","2015-07-07",,"84",,
"MXM00076692","HACIENDA YLANG YLANG VERACRUZ, MX","2015-07-08",,"84",,
"MXM00076692","HACIENDA YLANG YLANG VERACRUZ, MX","2015-07-09",,"83",,
"MXM00076692","HACIENDA YLANG YLANG VERACRUZ, MX","2015-07-10",,"80","89","73"
"MXM00076692","HACIENDA YLANG YLANG VERACRUZ, MX","2015-07-11","0.74","80",,
"MXM00076692","HACIENDA YLANG YLANG VERACRUZ, MX","2015-07-12","0.00","83","89","72"
"MXM00076692","HACIENDA YLANG YLANG VERACRUZ, MX","2015-07-13",,"84",,
"MXM00076692","HACIENDA YLANG YLANG VERACRUZ, MX","2015-07-14",,"83",,
"MXM00076692","HACIENDA YLANG YLANG VERACRUZ, MX","2015-07-15",,"86","90","76"
"MXM00076692","HACIENDA YLANG YLANG VERACRUZ, MX","2015-07-16","0.00","85","90","78"
"MXM00076692","HACIENDA YLANG YLANG VERACRUZ, MX","2015-07-17","0.09","83","90","77"
"MXM00076692","HACIENDA YLANG YLANG VERACRUZ, MX","2015-07-18","0.01","83","89","78"
"MXM00076692","HACIENDA YLANG YLANG VERACRUZ, MX","2015-07-19","0.00","85",,
"MXM00076692","HACIENDA YLANG YLANG VERACRUZ, MX","2015-07-20",,"85",,
"MXM00076692","HACIENDA YLANG YLANG VERACRUZ, MX","2015-07-21",,"84",,
"MXM00076692","HACIENDA YLANG YLANG VERACRUZ, MX","2015-07-22",,"83",,
"MXM00076692","HACIENDA YLANG YLANG VERACRUZ, MX","2015-07-23",,"86",,
"MXM00076692","HACIENDA YLANG YLANG VERACRUZ, MX","2015-07-24",,"86",,
"MXM00076692","HACIENDA YLANG YLANG VERACRUZ, MX","2015-07-25",,"86",,
"MXM00076692","HACIENDA YLANG YLANG VERACRUZ, MX","2015-07-26",,"85",,
"MXM00076692","HACIENDA YLANG YLANG VERACRUZ, MX","2015-07-27",,"86",,
"MXM00076692","HACIENDA YLANG YLANG VERACRUZ, MX","2015-07-28","0.00","86","92","80"
"MXM00076692","HACIENDA YLANG YLANG VERACRUZ, MX","2015-07-29",,"86",,
"MXM00076692","HACIENDA YLANG YLANG VERACRUZ, MX","2015-07-30",,"85",,
"MXM00076692","HACIENDA YLANG YLANG VERACRUZ, MX","2015-07-31",,"86",,
"MXM00076692","HACIENDA YLANG YLANG VERACRUZ, MX","2015-08-01","0.00","84",,
"MXM00076692","HACIENDA YLANG YLANG VERACRUZ, MX","2015-08-02",,"85","92","78"
"MXM00076692","HACIENDA YLANG YLANG VERACRUZ, MX","2015-08-03",,"86","92","76"
"MXM00076692","HACIENDA YLANG YLANG VERACRUZ, MX","2015-08-04",,"86",,
"MXM00076692","HACIENDA YLANG YLANG VERACRUZ, MX","2015-08-05","0.00","86","91","79"
"MXM00076692","HACIENDA YLANG YLANG VERACRUZ, MX","2015-08-06","0.00","87",,
"MXM00076692","HACIENDA YLANG YLANG VERACRUZ, MX","2015-08-07",,"86",,
"MXM00076692","HACIENDA YLANG YLANG VERACRUZ, MX","2015-08-08",,"87",,
"MXM00076692","HACIENDA YLANG YLANG VERACRUZ, MX","2015-08-09","0.00","87","93","82"
"MXM00076692","HACIENDA YLANG YLANG VERACRUZ, MX","2015-08-10",,"87",,
"MXM00076692","HACIENDA YLANG YLANG VERACRUZ, MX","2015-08-11","0.23","86","92","78"
"MXM00076692","HACIENDA YLANG YLANG VERACRUZ, MX","2015-08-12","0.50","81","91","74"
"MXM00076692","HACIENDA YLANG YLANG VERACRUZ, MX","2015-08-13","1.39","81",,
"MXM00076692","HACIENDA YLANG YLANG VERACRUZ, MX","2015-08-14","0.00","83","90","73"
"MXM00076692","HACIENDA YLANG YLANG VERACRUZ, MX","2015-08-15",,"85",,
"MXM00076692","HACIENDA YLANG YLANG VERACRUZ, MX","2015-08-16","0.18","85","91","78"
"MXM00076692","HACIENDA YLANG YLANG VERACRUZ, MX","2015-08-17","0.54","83","92","73"
"MXM00076692","HACIENDA YLANG YLANG VERACRUZ, MX","2015-08-18","0.87","82","90","73"
"MXM00076692","HACIENDA YLANG YLANG VERACRUZ, MX","2015-08-19","0.00","86",,
"MXM00076692","HACIENDA YLANG YLANG VERACRUZ, MX","2015-08-20","0.00","87","92","80"
"MXM00076692","HACIENDA YLANG YLANG VERACRUZ, MX","2015-08-21",,"87",,
"MXM00076692","HACIENDA YLANG YLANG VERACRUZ, MX","2015-08-22",,"85",,
"MXM00076692","HACIENDA YLANG YLANG VERACRUZ, MX","2015-08-23",,"87",,
"MXM00076692","HACIENDA YLANG YLANG VERACRUZ, MX","2015-08-24",,"86",,
"MXM00076692","HACIENDA YLANG YLANG VERACRUZ, MX","2015-08-25","0.11","82","92","75"
"MXM00076692","HACIENDA YLANG YLANG VERACRUZ, MX","2015-08-26","2.26","82","89","72"
"MXM00076692","HACIENDA YLANG YLANG VERACRUZ, MX","2015-08-27","1.47","81","88","72"
"MXM00076692","HACIENDA YLANG YLANG VERACRUZ, MX","2015-08-28","0.00","82","90","75"
"MXM00076692","HACIENDA YLANG YLANG VERACRUZ, MX","2015-08-29","3.00","82","90","75"
"MXM00076692","HACIENDA YLANG YLANG VERACRUZ, MX","2015-08-30","2.99","81","90","74"
"MXM00076692","HACIENDA YLANG YLANG VERACRUZ, MX","2015-08-31","0.00","83",,
"MXM00076692","HACIENDA YLANG YLANG VERACRUZ, MX","2015-09-01","0.03","85",,
"MXM00076692","HACIENDA YLANG YLANG VERACRUZ, MX","2015-09-02","1.71","85","92","75"
"MXM00076692","HACIENDA YLANG YLANG VERACRUZ, MX","2015-09-03","0.03","85","90","77"
"MXM00076692","HACIENDA YLANG YLANG VERACRUZ, MX","2015-09-04","0.00","85","92","77"
"MXM00076692","HACIENDA YLANG YLANG VERACRUZ, MX","2015-09-05",,"85",,
"MXM00076692","HACIENDA YLANG YLANG VERACRUZ, MX","2015-09-06",,"84",,
"MXM00076692","HACIENDA YLANG YLANG VERACRUZ, MX","2015-09-07",,"84",,
"MXM00076692","HACIENDA YLANG YLANG VERACRUZ, MX","2015-09-08",,"86",,
"MXM00076692","HACIENDA YLANG YLANG VERACRUZ, MX","2015-09-09",,"86",,
"MXM00076692","HACIENDA YLANG YLANG VERACRUZ, MX","2015-09-10",,"86",,
"MXM00076692","HACIENDA YLANG YLANG VERACRUZ, MX","2015-09-11",,"87",,
"MXM00076692","HACIENDA YLANG YLANG VERACRUZ, MX","2015-09-12",,"86",,
"MXM00076692","HACIENDA YLANG YLANG VERACRUZ, MX","2015-09-13","0.12","81","93","75"
"MXM00076692","HACIENDA YLANG YLANG VERACRUZ, MX","2015-09-14","0.62","83",,
"MXM00076692","HACIENDA YLANG YLANG VERACRUZ, MX","2015-09-15","0.00","84",,
"MXM00076692","HACIENDA YLANG YLANG VERACRUZ, MX","2015-09-16","0.00","82","89","76"
"MXM00076692","HACIENDA YLANG YLANG VERACRUZ, MX","2015-09-17",,"82",,
"MXM00076692","HACIENDA YLANG YLANG VERACRUZ, MX","2015-09-18",,"85",,
"MXM00076692","HACIENDA YLANG YLANG VERACRUZ, MX","2015-09-19",,"85",,
"MXM00076692","HACIENDA YLANG YLANG VERACRUZ, MX","2015-09-20","0.02","84","91","77"
"MXM00076692","HACIENDA YLANG YLANG VERACRUZ, MX","2015-09-21","0.00","85",,
"MXM00076692","HACIENDA YLANG YLANG VERACRUZ, MX","2015-09-22",,"83",,
"MXM00076692","HACIENDA YLANG YLANG VERACRUZ, MX","2015-09-23",,"83",,
"MXM00076692","HACIENDA YLANG YLANG VERACRUZ, MX","2015-09-24",,"81","89","75"
"MXM00076692","HACIENDA YLANG YLANG VERACRUZ, MX","2015-09-25","0.07","83","89","76"
"MXM00076692","HACIENDA YLANG YLANG VERACRUZ, MX","2015-09-26","0.00","83",,
"MXM00076692","HACIENDA YLANG YLANG VERACRUZ, MX","2015-09-27",,"81",,
"MXM00076692","HACIENDA YLANG YLANG VERACRUZ, MX","2015-09-28","0.00","82","90","77"
"MXM00076692","HACIENDA YLANG YLANG VERACRUZ, MX","2015-09-29","0.00","82","89","77"
"MXM00076692","HACIENDA YLANG YLANG VERACRUZ, MX","2015-09-30",,"83",,
"MXM00076692","HACIENDA YLANG YLANG VERACRUZ, MX","2015-10-01","0.32","81","92","72"
"MXM00076692","HACIENDA YLANG YLANG VERACRUZ, MX","2015-10-02","0.11","85","92","75"
"MXM00076692","HACIENDA YLANG YLANG VERACRUZ, MX","2015-10-03","0.00","83","91","75"
"MXM00076692","HACIENDA YLANG YLANG VERACRUZ, MX","2015-10-04","0.00","82","90","74"
"MXM00076692","HACIENDA YLANG YLANG VERACRUZ, MX","2015-10-05",,"82",,
"MXM00076692","HACIENDA YLANG YLANG VERACRUZ, MX","2015-10-06",,"84",,
"MXM00076692","HACIENDA YLANG YLANG VERACRUZ, MX","2015-10-07",,"83",,
"MXM00076692","HACIENDA YLANG YLANG VERACRUZ, MX","2015-10-08","0.00","83","92","76"
"MXM00076692","HACIENDA YLANG YLANG VERACRUZ, MX","2015-10-09",,"83",,
"MXM00076692","HACIENDA YLANG YLANG VERACRUZ, MX","2015-10-10",,"85","90","78"
"MXM00076692","HACIENDA YLANG YLANG VERACRUZ, MX","2015-10-11",,"84",,
"MXM00076692","HACIENDA YLANG YLANG VERACRUZ, MX","2015-10-12",,"83",,
"MXM00076692","HACIENDA YLANG YLANG VERACRUZ, MX","2015-10-13","0.00","83","92","76"
"MXM00076692","HACIENDA YLANG YLANG VERACRUZ, MX","2015-10-14","1.08","82","92","73"
"MXM00076692","HACIENDA YLANG YLANG VERACRUZ, MX","2015-10-15","0.00","84",,
"MXM00076692","HACIENDA YLANG YLANG VERACRUZ, MX","2015-10-16","0.89","81","90","72"
"MXM00076692","HACIENDA YLANG YLANG VERACRUZ, MX","2015-10-17","0.38","80","89","72"
"MXM00076692","HACIENDA YLANG YLANG VERACRUZ, MX","2015-10-18","0.11","80","84","75"
"MXM00076692","HACIENDA YLANG YLANG VERACRUZ, MX","2015-10-19","2.48","80","85","75"
"MXM00076692","HACIENDA YLANG YLANG VERACRUZ, MX","2015-10-20","1.96","82","86","75"
"MXM00076692","HACIENDA YLANG YLANG VERACRUZ, MX","2015-10-21","0.03","78","86","73"
"MXM00076692","HACIENDA YLANG YLANG VERACRUZ, MX","2015-10-22","0.44","79",,
"MXM00076692","HACIENDA YLANG YLANG VERACRUZ, MX","2015-10-23","0.00","84",,
"MXM00076692","HACIENDA YLANG YLANG VERACRUZ, MX","2015-10-24","0.14","84","93","75"
"MXM00076692","HACIENDA YLANG YLANG VERACRUZ, MX","2015-10-25","0.00","83","91","80"
"MXM00076692","HACIENDA YLANG YLANG VERACRUZ, MX","2015-10-26",,"80",,
"MXM00076692","HACIENDA YLANG YLANG VERACRUZ, MX","2015-10-27",,"79",,
"MXM00076692","HACIENDA YLANG YLANG VERACRUZ, MX","2015-10-28",,"79",,
"MXM00076692","HACIENDA YLANG YLANG VERACRUZ, MX","2015-10-29",,"82",,
"MXM00076692","HACIENDA YLANG YLANG VERACRUZ, MX","2015-10-30",,"84",,
"MXM00076692","HACIENDA YLANG YLANG VERACRUZ, MX","2015-10-31",,"85",,
"MXM00076692","HACIENDA YLANG YLANG VERACRUZ, MX","2015-11-01",,"84",,
"MXM00076692","HACIENDA YLANG YLANG VERACRUZ, MX","2015-11-02",,"78",,
"MXM00076692","HACIENDA YLANG YLANG VERACRUZ, MX","2015-11-03","0.00","78","87","68"
"MXM00076692","HACIENDA YLANG YLANG VERACRUZ, MX","2015-11-04","0.02","80","87","68"
"MXM00076692","HACIENDA YLANG YLANG VERACRUZ, MX","2015-11-05","0.05","82","89","76"
"MXM00076692","HACIENDA YLANG YLANG VERACRUZ, MX","2015-11-06","0.00","82","87","75"
"MXM00076692","HACIENDA YLANG YLANG VERACRUZ, MX","2015-11-07",,"81",,
"MXM00076692","HACIENDA YLANG YLANG VERACRUZ, MX","2015-11-08","0.02","80","88","75"
"MXM00076692","HACIENDA YLANG YLANG VERACRUZ, MX","2015-11-09","0.28","78","82","74"
"MXM00076692","HACIENDA YLANG YLANG VERACRUZ, MX","2015-11-10","0.16","80",,
"MXM00076692","HACIENDA YLANG YLANG VERACRUZ, MX","2015-11-11","0.00","80",,
"MXM00076692","HACIENDA YLANG YLANG VERACRUZ, MX","2015-11-12","0.00","82","89","71"
"MXM00076692","HACIENDA YLANG YLANG VERACRUZ, MX","2015-11-13","0.78","77","88","72"
"MXM00076692","HACIENDA YLANG YLANG VERACRUZ, MX","2015-11-14","4.32","77","81","72"
"MXM00076692","HACIENDA YLANG YLANG VERACRUZ, MX","2015-11-15","0.24","79","83","74"
"MXM00076692","HACIENDA YLANG YLANG VERACRUZ, MX","2015-11-16","0.00","80",,
"MXM00076692","HACIENDA YLANG YLANG VERACRUZ, MX","2015-11-17",,"80",,
"MXM00076692","HACIENDA YLANG YLANG VERACRUZ, MX","2015-11-18",,"81",,
"MXM00076692","HACIENDA YLANG YLANG VERACRUZ, MX","2015-11-19",,"81",,
"MXM00076692","HACIENDA YLANG YLANG VERACRUZ, MX","2015-11-20",,"80",,
"MXM00076692","HACIENDA YLANG YLANG VERACRUZ, MX","2015-11-21","0.06","79","84","75"
"MXM00076692","HACIENDA YLANG YLANG VERACRUZ, MX","2015-11-22","0.61","78","84","71"
"MXM00076692","HACIENDA YLANG YLANG VERACRUZ, MX","2015-11-23","0.00","74",,
"MXM00076692","HACIENDA YLANG YLANG VERACRUZ, MX","2015-11-24",,"74","79","69"
"MXM00076692","HACIENDA YLANG YLANG VERACRUZ, MX","2015-11-25","0.00","76","80","71"
"MXM00076692","HACIENDA YLANG YLANG VERACRUZ, MX","2015-11-26",,"78","87","74"
"MXM00076692","HACIENDA YLANG YLANG VERACRUZ, MX","2015-11-27",,"78","87","75"
"MXM00076692","HACIENDA YLANG YLANG VERACRUZ, MX","2015-11-28",,"80",,
"MXM00076692","HACIENDA YLANG YLANG VERACRUZ, MX","2015-11-29",,"79","85","74"
"MXM00076692","HACIENDA YLANG YLANG VERACRUZ, MX","2015-11-30",,"76","85","70"
"MXM00076692","HACIENDA YLANG YLANG VERACRUZ, MX","2015-12-01","0.00","77","85","70"
"MXM00076692","HACIENDA YLANG YLANG VERACRUZ, MX","2015-12-02","0.00","78","85","70"
"MXM00076692","HACIENDA YLANG YLANG VERACRUZ, MX","2015-12-03","0.00","75","85","71"
"MXM00076692","HACIENDA YLANG YLANG VERACRUZ, MX","2015-12-04","0.01","72","79","71"
"MXM00076692","HACIENDA YLANG YLANG VERACRUZ, MX","2015-12-05","0.00","73","77","67"
"MXM00076692","HACIENDA YLANG YLANG VERACRUZ, MX","2015-12-06","0.00","72","81","64"
"MXM00076692","HACIENDA YLANG YLANG VERACRUZ, MX","2015-12-07",,"76","81","64"
"MXM00076692","HACIENDA YLANG YLANG VERACRUZ, MX","2015-12-08","0.00","75","81","70"
"MXM00076692","HACIENDA YLANG YLANG VERACRUZ, MX","2015-12-09","0.00","74","83","69"
"MXM00076692","HACIENDA YLANG YLANG VERACRUZ, MX","2015-12-10","0.00","74","83","69"
"MXM00076692","HACIENDA YLANG YLANG VERACRUZ, MX","2015-12-11","0.00","73","82","70"
"MXM00076692","HACIENDA YLANG YLANG VERACRUZ, MX","2015-12-14","0.00","78","85","74"
"MXM00076692","HACIENDA YLANG YLANG VERACRUZ, MX","2015-12-16","0.00","78","87","73"
"MXM00076692","HACIENDA YLANG YLANG VERACRUZ, MX","2015-12-17","0.00","78","87","73"
"MXM00076692","HACIENDA YLANG YLANG VERACRUZ, MX","2015-12-18","0.00","75","81","74"
"MXM00076692","HACIENDA YLANG YLANG VERACRUZ, MX","2015-12-24","0.00","78","88","71"
"MXM00076692","HACIENDA YLANG YLANG VERACRUZ, MX","2015-12-25","0.00","79","91","73"
"MXM00076692","HACIENDA YLANG YLANG VERACRUZ, MX","2015-12-26","0.00","77","84","72"
"MXM00076692","HACIENDA YLANG YLANG VERACRUZ, MX","2015-12-27","0.00","79",,
"MXM00076692","HACIENDA YLANG YLANG VERACRUZ, MX","2015-12-28","0.00","77","92","72"
"MXM00076692","HACIENDA YLANG YLANG VERACRUZ, MX","2015-12-29","0.00","73","83","68"
"MXM00076692","HACIENDA YLANG YLANG VERACRUZ, MX","2015-12-30","0.00","76","83","68"
"MXM00076692","HACIENDA YLANG YLANG VERACRUZ, MX","2015-12-31","0.00","77","83","72"
"MXM00076692","HACIENDA YLANG YLANG VERACRUZ, MX","2016-01-01","0.00","74",,
"MXM00076692","HACIENDA YLANG YLANG VERACRUZ, MX","2016-01-02","0.02","71","77","67"
"MXM00076692","HACIENDA YLANG YLANG VERACRUZ, MX","2016-01-03","0.00","69","77","67"
"MXM00076692","HACIENDA YLANG YLANG VERACRUZ, MX","2016-01-04","0.00","67","72","65"
"MXM00076692","HACIENDA YLANG YLANG VERACRUZ, MX","2016-01-05","0.00","66",,
"MXM00076692","HACIENDA YLANG YLANG VERACRUZ, MX","2016-01-06","0.00","70","76","62"
"MXM00076692","HACIENDA YLANG YLANG VERACRUZ, MX","2016-01-07","0.00","73","81","66"
"MXM00076692","HACIENDA YLANG YLANG VERACRUZ, MX","2016-01-08","0.00","73","82","63"
"MXM00076692","HACIENDA YLANG YLANG VERACRUZ, MX","2016-01-09","0.00","73","83","63"
"MXM00076692","HACIENDA YLANG YLANG VERACRUZ, MX","2016-01-10","0.00","71","80","64"
"MXM00076692","HACIENDA YLANG YLANG VERACRUZ, MX","2016-01-11","0.00","68","77","64"
"MXM00076692","HACIENDA YLANG YLANG VERACRUZ, MX","2016-01-12","0.00","71","78","64"
"MXM00076692","HACIENDA YLANG YLANG VERACRUZ, MX","2016-01-13","0.00","69",,
"MXM00076692","HACIENDA YLANG YLANG VERACRUZ, MX","2016-01-14","0.00","71","77","66"
"MXM00076692","HACIENDA YLANG YLANG VERACRUZ, MX","2016-01-15","0.00","74","81","67"
"MXM00076692","HACIENDA YLANG YLANG VERACRUZ, MX","2016-01-16","0.00","75",,
"MXM00076692","HACIENDA YLANG YLANG VERACRUZ, MX","2016-01-17","0.00","75","85","70"
"MXM00076692","HACIENDA YLANG YLANG VERACRUZ, MX","2016-01-18","0.00","70","78","67"
"MXM00076692","HACIENDA YLANG YLANG VERACRUZ, MX","2016-01-19",,"68",,
"MXM00076692","HACIENDA YLANG YLANG VERACRUZ, MX","2016-01-20",,"70","78","64"
"MXM00076692","HACIENDA YLANG YLANG VERACRUZ, MX","2016-01-21","0.00","72","81","64"
"MXM00076692","HACIENDA YLANG YLANG VERACRUZ, MX","2016-01-22","0.00","73","82","65"
"MXM00076692","HACIENDA YLANG YLANG VERACRUZ, MX","2016-01-23","0.00","69","76","62"
"MXM00076692","HACIENDA YLANG YLANG VERACRUZ, MX","2016-01-24","0.00","68",,
"MXM00076692","HACIENDA YLANG YLANG VERACRUZ, MX","2016-01-25","0.00","67","77","55"
"MXM00076692","HACIENDA YLANG YLANG VERACRUZ, MX","2016-01-26","0.00","72","78","67"
"MXM00076692","HACIENDA YLANG YLANG VERACRUZ, MX","2016-01-27","0.00","71",,
"MXM00076692","HACIENDA YLANG YLANG VERACRUZ, MX","2016-01-28","0.00","63",,
"MXM00076692","HACIENDA YLANG YLANG VERACRUZ, MX","2016-01-29","0.00","64","69","58"
"MXM00076692","HACIENDA YLANG YLANG VERACRUZ, MX","2016-01-30","0.00","66",,
"MXM00076692","HACIENDA YLANG YLANG VERACRUZ, MX","2016-01-31","0.00","70","79","59"
"MXM00076692","HACIENDA YLANG YLANG VERACRUZ, MX","2016-02-01","0.00","71","81","63"
"MXM00076692","HACIENDA YLANG YLANG VERACRUZ, MX","2016-02-02","0.00","78",,
"MXM00076692","HACIENDA YLANG YLANG VERACRUZ, MX","2016-02-03","0.00","77","93","70"
"MXM00076692","HACIENDA YLANG YLANG VERACRUZ, MX","2016-02-05","0.00","67","73","65"
"MXM00076692","HACIENDA YLANG YLANG VERACRUZ, MX","2016-02-06","0.00","67","71","64"
"MXM00076692","HACIENDA YLANG YLANG VERACRUZ, MX","2016-02-07","0.00","71",,
"MXM00076692","HACIENDA YLANG YLANG VERACRUZ, MX","2016-02-08","0.00","67","78","59"
"MXM00076692","HACIENDA YLANG YLANG VERACRUZ, MX","2016-02-09","0.00","68","78","59"
"MXM00076692","HACIENDA YLANG YLANG VERACRUZ, MX","2016-02-10","0.01","69",,
"MXM00076692","HACIENDA YLANG YLANG VERACRUZ, MX","2016-02-11","0.00","67","78","57"
"MXM00076692","HACIENDA YLANG YLANG VERACRUZ, MX","2016-02-12","0.00","70","78","57"
"MXM00076692","HACIENDA YLANG YLANG VERACRUZ, MX","2016-02-13","0.00","69","77","61"
"MXM00076692","HACIENDA YLANG YLANG VERACRUZ, MX","2016-02-14",,"69","79","65"
"MXM00076692","HACIENDA YLANG YLANG VERACRUZ, MX","2016-02-15","0.00","70","79","62"
"MXM00076692","HACIENDA YLANG YLANG VERACRUZ, MX","2016-02-16","0.00","72","80","62"
"MXM00076692","HACIENDA YLANG YLANG VERACRUZ, MX","2016-02-17","0.00","73","82","66"
"MXM00076692","HACIENDA YLANG YLANG VERACRUZ, MX","2016-02-18","0.00","75","82","66"
"MXM00076692","HACIENDA YLANG YLANG VERACRUZ, MX","2016-02-19","0.00","73",,
"MXM00076692","HACIENDA YLANG YLANG VERACRUZ, MX","2016-02-20","0.00","76","86","68"
"MXM00076692","HACIENDA YLANG YLANG VERACRUZ, MX","2016-02-21","0.00","75","86","68"
"MXM00076692","HACIENDA YLANG YLANG VERACRUZ, MX","2016-02-22","0.00","75","81","69"
"MXM00076692","HACIENDA YLANG YLANG VERACRUZ, MX","2016-02-23","0.00","76",,
"MXM00076692","HACIENDA YLANG YLANG VERACRUZ, MX","2016-02-24","0.00","75",,
"MXM00076692","HACIENDA YLANG YLANG VERACRUZ, MX","2016-02-25","0.00","68","79","64"
"MXM00076692","HACIENDA YLANG YLANG VERACRUZ, MX","2016-02-26","0.00","68","75","64"
"MXM00076692","HACIENDA YLANG YLANG VERACRUZ, MX","2016-02-27","0.28","66","72","64"
"MXM00076692","HACIENDA YLANG YLANG VERACRUZ, MX","2016-02-28","0.04","70","79","64"
"MXM00076692","HACIENDA YLANG YLANG VERACRUZ, MX","2016-02-29","0.00","73","80","65"
"MXM00076692","HACIENDA YLANG YLANG VERACRUZ, MX","2016-03-01","0.00","74","81","67"
"MXM00076692","HACIENDA YLANG YLANG VERACRUZ, MX","2016-03-02","0.00","75","81","72"
"MXM00076692","HACIENDA YLANG YLANG VERACRUZ, MX","2016-03-03","0.00","74","81","70"
"MXM00076692","HACIENDA YLANG YLANG VERACRUZ, MX","2016-03-04","0.00","75","81","70"
"MXM00076692","HACIENDA YLANG YLANG VERACRUZ, MX","2016-03-05","0.39","75",,
"MXM00076692","HACIENDA YLANG YLANG VERACRUZ, MX","2016-03-06",,"75","85","70"
"MXM00076692","HACIENDA YLANG YLANG VERACRUZ, MX","2016-03-07","0.00","76","82","70"
"MXM00076692","HACIENDA YLANG YLANG VERACRUZ, MX","2016-03-08","0.00","78",,
"MXM00076692","HACIENDA YLANG YLANG VERACRUZ, MX","2016-03-09","0.00","84","93","69"
"MXM00076692","HACIENDA YLANG YLANG VERACRUZ, MX","2016-03-10","0.00","78","90","71"
"MXM00076692","HACIENDA YLANG YLANG VERACRUZ, MX","2016-03-11","0.00","74","82","70"
"MXM00076692","HACIENDA YLANG YLANG VERACRUZ, MX","2016-03-12","0.07","76","82","70"
"MXM00076692","HACIENDA YLANG YLANG VERACRUZ, MX","2016-03-13","0.00","75","84","67"
"MXM00076692","HACIENDA YLANG YLANG VERACRUZ, MX","2016-03-14","0.00","76","86","67"
"MXM00076692","HACIENDA YLANG YLANG VERACRUZ, MX","2016-03-15","0.00","78","88","72"
"MXM00076692","HACIENDA YLANG YLANG VERACRUZ, MX","2016-03-16","0.00","79","88","72"
"MXM00076692","HACIENDA YLANG YLANG VERACRUZ, MX","2016-03-17","0.00","78","86","74"
"MXM00076692","HACIENDA YLANG YLANG VERACRUZ, MX","2016-03-18","0.00","79","86","74"
"MXM00076692","HACIENDA YLANG YLANG VERACRUZ, MX","2016-03-19","0.00","78","87","74"
"MXM00076692","HACIENDA YLANG YLANG VERACRUZ, MX","2016-03-21","0.00","71","77","69"
"MXM00076692","HACIENDA YLANG YLANG VERACRUZ, MX","2016-03-22","0.00","69","78","63"
"MXM00076692","HACIENDA YLANG YLANG VERACRUZ, MX","2016-03-23",,"75","82","64"
"MXM00076692","HACIENDA YLANG YLANG VERACRUZ, MX","2016-03-24","0.00","78","89","64"
"MXM00076692","HACIENDA YLANG YLANG VERACRUZ, MX","2016-03-25","0.00","77","89","70"
"MXM00076692","HACIENDA YLANG YLANG VERACRUZ, MX","2016-03-26","0.00","77","86","71"
"MXM00076692","HACIENDA YLANG YLANG VERACRUZ, MX","2016-03-27","0.00","79","87","74"
"MXM00076692","HACIENDA YLANG YLANG VERACRUZ, MX","2016-03-28","0.00","78","87","74"
"MXM00076692","HACIENDA YLANG YLANG VERACRUZ, MX","2016-03-29","0.00","78","85","73"
"MXM00076692","HACIENDA YLANG YLANG VERACRUZ, MX","2016-03-30","0.01","80","88","73"
"MXM00076692","HACIENDA YLANG YLANG VERACRUZ, MX","2016-03-31","0.00","83","95","74"
"MXM00076692","HACIENDA YLANG YLANG VERACRUZ, MX","2016-04-01","0.00","85",,
"MXM00076692","HACIENDA YLANG YLANG VERACRUZ, MX","2016-04-02","0.00","82","101","73"
"MXM00076692","HACIENDA YLANG YLANG VERACRUZ, MX","2016-04-03","0.00","73","82","70"
"MXM00076692","HACIENDA YLANG YLANG VERACRUZ, MX","2016-04-04","0.00","74","79","70"
"MXM00076692","HACIENDA YLANG YLANG VERACRUZ, MX","2016-04-05","0.00","76","83","70"
"MXM00076692","HACIENDA YLANG YLANG VERACRUZ, MX","2016-04-06","0.00","76","84","71"
"MXM00076692","HACIENDA YLANG YLANG VERACRUZ, MX","2016-04-07","0.00","78","84","71"
"MXM00076692","HACIENDA YLANG YLANG VERACRUZ, MX","2016-04-08","0.00","77","85","72"
"MXM00076692","HACIENDA YLANG YLANG VERACRUZ, MX","2016-04-09","0.00","77","84","70"
"MXM00076692","HACIENDA YLANG YLANG VERACRUZ, MX","2016-04-10","0.00","78","85","71"
"MXM00076692","HACIENDA YLANG YLANG VERACRUZ, MX","2016-04-11","0.00","80","85","73"
"MXM00076692","HACIENDA YLANG YLANG VERACRUZ, MX","2016-04-12","0.00","81","88","76"
"MXM00076692","HACIENDA YLANG YLANG VERACRUZ, MX","2016-04-13","0.00","81","89","76"
"MXM00076692","HACIENDA YLANG YLANG VERACRUZ, MX","2016-04-14","0.00","81","89","76"
"MXM00076692","HACIENDA YLANG YLANG VERACRUZ, MX","2016-04-15","0.00","80","86","78"
"MXM00076692","HACIENDA YLANG YLANG VERACRUZ, MX","2016-04-16","0.00","81","89","75"
"MXM00076692","HACIENDA YLANG YLANG VERACRUZ, MX","2016-04-17","0.00","83","90","75"
"MXM00076692","HACIENDA YLANG YLANG VERACRUZ, MX","2016-04-18","0.00","82","90","78"
"MXM00076692","HACIENDA YLANG YLANG VERACRUZ, MX","2016-04-19","0.00","80","88","76"
"MXM00076692","HACIENDA YLANG YLANG VERACRUZ, MX","2016-04-20","0.00","79","87","75"
"MXM00076692","HACIENDA YLANG YLANG VERACRUZ, MX","2016-04-21","0.01","80","91","73"
"MXM00076692","HACIENDA YLANG YLANG VERACRUZ, MX","2016-04-22","0.00","82","91","79"
"MXM00076692","HACIENDA YLANG YLANG VERACRUZ, MX","2016-04-23","0.00","81","88","75"
"MXM00076692","HACIENDA YLANG YLANG VERACRUZ, MX","2016-04-24","0.00","81","90","75"
"MXM00076692","HACIENDA YLANG YLANG VERACRUZ, MX","2016-04-25","0.00","83","93","77"
"MXM00076692","HACIENDA YLANG YLANG VERACRUZ, MX","2016-04-26","0.00","85","95","77"
"MXM00076692","HACIENDA YLANG YLANG VERACRUZ, MX","2016-04-27","0.00","85","98","79"
"MXM00076692","HACIENDA YLANG YLANG VERACRUZ, MX","2016-04-28","0.00","84","98","79"
"MXM00076692","HACIENDA YLANG YLANG VERACRUZ, MX","2016-04-29","0.00","86","97","78"
"MXM00076692","HACIENDA YLANG YLANG VERACRUZ, MX","2016-04-30","0.00","86","98","76"
"MXM00076692","HACIENDA YLANG YLANG VERACRUZ, MX","2016-05-01","0.00","85","98","76"
"MXM00076692","HACIENDA YLANG YLANG VERACRUZ, MX","2016-05-02","0.00","85","95","76"
"MXM00076692","HACIENDA YLANG YLANG VERACRUZ, MX","2016-05-03","0.00","82","94","78"
"MXM00076692","HACIENDA YLANG YLANG VERACRUZ, MX","2016-05-04","0.00","80",,
"MXM00076692","HACIENDA YLANG YLANG VERACRUZ, MX","2016-05-05","0.02","78","85","76"
"MXM00076692","HACIENDA YLANG YLANG VERACRUZ, MX","2016-05-06","0.01","79","85","75"
"MXM00076692","HACIENDA YLANG YLANG VERACRUZ, MX","2016-05-07","0.00","78","85","71"
"MXM00076692","HACIENDA YLANG YLANG VERACRUZ, MX","2016-05-08","0.00","78","88","71"
"MXM00076692","HACIENDA YLANG YLANG VERACRUZ, MX","2016-05-09","0.00","81","88","73"
"MXM00076692","HACIENDA YLANG YLANG VERACRUZ, MX","2016-05-10","0.00","83","89","74"
"MXM00076692","HACIENDA YLANG YLANG VERACRUZ, MX","2016-05-11","0.00","83","91","77"
"MXM00076692","HACIENDA YLANG YLANG VERACRUZ, MX","2016-05-12","0.00","83","91","79"
"MXM00076692","HACIENDA YLANG YLANG VERACRUZ, MX","2016-05-13","0.00","84","91","79"
"MXM00076692","HACIENDA YLANG YLANG VERACRUZ, MX","2016-05-14","0.00","82","90","78"
"MXM00076692","HACIENDA YLANG YLANG VERACRUZ, MX","2016-05-15","0.00","82","90","77"
"MXM00076692","HACIENDA YLANG YLANG VERACRUZ, MX","2016-05-16","0.00","84","90","77"
"MXM00076692","HACIENDA YLANG YLANG VERACRUZ, MX","2016-05-17","0.22","85","93","80"
"MXM00076692","HACIENDA YLANG YLANG VERACRUZ, MX","2016-05-18","0.00","86","93","80"
"MXM00076692","HACIENDA YLANG YLANG VERACRUZ, MX","2016-05-19","0.00","85","96","79"
"MXM00076692","HACIENDA YLANG YLANG VERACRUZ, MX","2016-05-20","0.00","86","96","79"
"MXM00076692","HACIENDA YLANG YLANG VERACRUZ, MX","2016-05-21","0.00","86","92","82"
"MXM00076692","HACIENDA YLANG YLANG VERACRUZ, MX","2016-05-22","0.00","87","93","82"
"MXM00076692","HACIENDA YLANG YLANG VERACRUZ, MX","2016-05-23","0.00","87","94","83"
"MXM00076692","HACIENDA YLANG YLANG VERACRUZ, MX","2016-05-24","0.00","87","94","83"
"MXM00076692","HACIENDA YLANG YLANG VERACRUZ, MX","2016-05-25","0.00","87","94","84"
"MXM00076692","HACIENDA YLANG YLANG VERACRUZ, MX","2016-05-26","0.00","86","94","83"
"MXM00076692","HACIENDA YLANG YLANG VERACRUZ, MX","2016-05-27","0.00","87","93","83"
"MXM00076692","HACIENDA YLANG YLANG VERACRUZ, MX","2016-05-28","0.00","87","93","83"
"MXM00076692","HACIENDA YLANG YLANG VERACRUZ, MX","2016-05-29","0.00","86","96","80"
"MXM00076692","HACIENDA YLANG YLANG VERACRUZ, MX","2016-05-30","0.00","87","96","80"
"MXM00076692","HACIENDA YLANG YLANG VERACRUZ, MX","2016-05-31","0.00","86","92","81"
"MXM00076692","HACIENDA YLANG YLANG VERACRUZ, MX","2016-06-01",,"86","92","81"
"MXM00076692","HACIENDA YLANG YLANG VERACRUZ, MX","2016-06-02",,"85",,
"MXM00076692","HACIENDA YLANG YLANG VERACRUZ, MX","2016-06-03",,"85",,
"MXM00076692","HACIENDA YLANG YLANG VERACRUZ, MX","2016-06-04",,"84",,
"MXM00076692","HACIENDA YLANG YLANG VERACRUZ, MX","2016-06-05","0.26","83","92","78"
"MXM00076692","HACIENDA YLANG YLANG VERACRUZ, MX","2016-06-06","0.14","82","89","74"
"MXM00076692","HACIENDA YLANG YLANG VERACRUZ, MX","2016-06-07",,"83",,
"MXM00076692","HACIENDA YLANG YLANG VERACRUZ, MX","2016-06-08",,"85","94","74"
"MXM00076692","HACIENDA YLANG YLANG VERACRUZ, MX","2016-06-09",,"85",,
"MXM00076692","HACIENDA YLANG YLANG VERACRUZ, MX","2016-06-10","0.00","86","92","80"
"MXM00076692","HACIENDA YLANG YLANG VERACRUZ, MX","2016-06-11",,"84","91","79"
"MXM00076692","HACIENDA YLANG YLANG VERACRUZ, MX","2016-06-12","0.23","83","92","78"
"MXM00076692","HACIENDA YLANG YLANG VERACRUZ, MX","2016-06-13","0.00","82","93","73"
"MXM00076692","HACIENDA YLANG YLANG VERACRUZ, MX","2016-06-14",,"85",,
"MXM00076692","HACIENDA YLANG YLANG VERACRUZ, MX","2016-06-15",,"87",,
"MXM00076692","HACIENDA YLANG YLANG VERACRUZ, MX","2016-06-16",,"86","90","83"
"MXM00076692","HACIENDA YLANG YLANG VERACRUZ, MX","2016-06-17",,"86","94","75"
"MXM00076692","HACIENDA YLANG YLANG VERACRUZ, MX","2016-06-18",,"85",,
"MXM00076692","HACIENDA YLANG YLANG VERACRUZ, MX","2016-06-19",,"85",,
"MXM00076692","HACIENDA YLANG YLANG VERACRUZ, MX","2016-06-20",,"81","86","77"
"MXM00076692","HACIENDA YLANG YLANG VERACRUZ, MX","2016-06-21","1.63","79","86","72"
"MXM00076692","HACIENDA YLANG YLANG VERACRUZ, MX","2016-06-22","0.47","80",,
"MXM00076692","HACIENDA YLANG YLANG VERACRUZ, MX","2016-06-23","0.00","83",,
"MXM00076692","HACIENDA YLANG YLANG VERACRUZ, MX","2016-06-24","0.03","84","90","78"
"MXM00076692","HACIENDA YLANG YLANG VERACRUZ, MX","2016-06-25","0.00","84","90","76"
"MXM00076692","HACIENDA YLANG YLANG VERACRUZ, MX","2016-06-26",,"85","91","82"
"MXM00076692","HACIENDA YLANG YLANG VERACRUZ, MX","2016-06-27","0.00","85","92","78"
"MXM00076692","HACIENDA YLANG YLANG VERACRUZ, MX","2016-06-28","0.03","84","92","76"
"MXM00076692","HACIENDA YLANG YLANG VERACRUZ, MX","2016-06-29","0.00","82",,
"MXM00076692","HACIENDA YLANG YLANG VERACRUZ, MX","2016-06-30","0.00","84","90","76"
"MXM00076692","HACIENDA YLANG YLANG VERACRUZ, MX","2016-07-01","0.13","83","90","74"
"MXM00076692","HACIENDA YLANG YLANG VERACRUZ, MX","2016-07-02","0.06","85","91","73"
"MXM00076692","HACIENDA YLANG YLANG VERACRUZ, MX","2016-07-03","0.00","86",,
"MXM00076692","HACIENDA YLANG YLANG VERACRUZ, MX","2016-07-04",,"87",,
"MXM00076692","HACIENDA YLANG YLANG VERACRUZ, MX","2016-07-05","0.40","83","92","74"
"MXM00076692","HACIENDA YLANG YLANG VERACRUZ, MX","2016-07-06","0.00","86",,
"MXM00076692","HACIENDA YLANG YLANG VERACRUZ, MX","2016-07-07",,"85",,
"MXM00076692","HACIENDA YLANG YLANG VERACRUZ, MX","2016-07-08",,"86",,
"MXM00076692","HACIENDA YLANG YLANG VERACRUZ, MX","2016-07-09",,"85","91","77"
"MXM00076692","HACIENDA YLANG YLANG VERACRUZ, MX","2016-07-10","0.06","86","91","79"
"MXM00076692","HACIENDA YLANG YLANG VERACRUZ, MX","2016-07-11","0.00","84","91","78"
"MXM00076692","HACIENDA YLANG YLANG VERACRUZ, MX","2016-07-12",,"85",,
"MXM00076692","HACIENDA YLANG YLANG VERACRUZ, MX","2016-07-13","0.95","83","92","73"
"MXM00076692","HACIENDA YLANG YLANG VERACRUZ, MX","2016-07-14","1.00","82",,
"MXM00076692","HACIENDA YLANG YLANG VERACRUZ, MX","2016-07-15","0.00","83","93","70"
"MXM00076692","HACIENDA YLANG YLANG VERACRUZ, MX","2016-07-16",,"84",,
"MXM00076692","HACIENDA YLANG YLANG VERACRUZ, MX","2016-07-17",,"83",,
"MXM00076692","HACIENDA YLANG YLANG VERACRUZ, MX","2016-07-18",,"83","87","77"
"MXM00076692","HACIENDA YLANG YLANG VERACRUZ, MX","2016-07-19","0.01","83","89","75"
"MXM00076692","HACIENDA YLANG YLANG VERACRUZ, MX","2016-07-20","0.38","82","90","75"
"MXM00076692","HACIENDA YLANG YLANG VERACRUZ, MX","2016-07-21","0.59","81","89","76"
"MXM00076692","HACIENDA YLANG YLANG VERACRUZ, MX","2016-07-22","0.24","80","88","74"
"MXM00076692","HACIENDA YLANG YLANG VERACRUZ, MX","2016-07-23","0.00","82",,
"MXM00076692","HACIENDA YLANG YLANG VERACRUZ, MX","2016-07-24",,"85",,
"MXM00076692","HACIENDA YLANG YLANG VERACRUZ, MX","2016-07-25",,"85",,
"MXM00076692","HACIENDA YLANG YLANG VERACRUZ, MX","2016-07-26",,"85",,
"MXM00076692","HACIENDA YLANG YLANG VERACRUZ, MX","2016-07-27","0.00","85","91","77"
"MXM00076692","HACIENDA YLANG YLANG VERACRUZ, MX","2016-07-28","0.03","83","91","78"
"MXM00076692","HACIENDA YLANG YLANG VERACRUZ, MX","2016-07-29","0.00","84",,
"MXM00076692","HACIENDA YLANG YLANG VERACRUZ, MX","2016-07-30","0.32","82","90","75"
"MXM00076692","HACIENDA YLANG YLANG VERACRUZ, MX","2016-07-31","1.40","81","92","72"
"MXM00076692","HACIENDA YLANG YLANG VERACRUZ, MX","2016-08-01","0.01","84","92","76"
"MXM00076692","HACIENDA YLANG YLANG VERACRUZ, MX","2016-08-02","0.01","82","92","76"
"MXM00076692","HACIENDA YLANG YLANG VERACRUZ, MX","2016-08-03","0.00","85",,
"MXM00076692","HACIENDA YLANG YLANG VERACRUZ, MX","2016-08-04",,"83","91","77"
"MXM00076692","HACIENDA YLANG YLANG VERACRUZ, MX","2016-08-05","0.37","81","88","76"
"MXM00076692","HACIENDA YLANG YLANG VERACRUZ, MX","2016-08-06","4.34","81",,
"MXM00076692","HACIENDA YLANG YLANG VERACRUZ, MX","2016-08-07","0.00","84",,
"MXM00076692","HACIENDA YLANG YLANG VERACRUZ, MX","2016-08-08",,"84",,
"MXM00076692","HACIENDA YLANG YLANG VERACRUZ, MX","2016-08-09",,"85",,
"MXM00076692","HACIENDA YLANG YLANG VERACRUZ, MX","2016-08-10",,"85",,
"MXM00076692","HACIENDA YLANG YLANG VERACRUZ, MX","2016-08-11",,"86",,
"MXM00076692","HACIENDA YLANG YLANG VERACRUZ, MX","2016-08-12",,"86",,
"MXM00076692","HACIENDA YLANG YLANG VERACRUZ, MX","2016-08-13",,"87","93","78"
"MXM00076692","HACIENDA YLANG YLANG VERACRUZ, MX","2016-08-14",,"87",,
"MXM00076692","HACIENDA YLANG YLANG VERACRUZ, MX","2016-08-15",,"86",,
"MXM00076692","HACIENDA YLANG YLANG VERACRUZ, MX","2016-08-16","1.79","80","92","74"
"MXM00076692","HACIENDA YLANG YLANG VERACRUZ, MX","2016-08-17","0.35","80","87","74"
"MXM00076692","HACIENDA YLANG YLANG VERACRUZ, MX","2016-08-18","0.26","82",,
"MXM00076692","HACIENDA YLANG YLANG VERACRUZ, MX","2016-08-19","0.01","84","91","76"
"MXM00076692","HACIENDA YLANG YLANG VERACRUZ, MX","2016-08-20","0.00","85",,
"MXM00076692","HACIENDA YLANG YLANG VERACRUZ, MX","2016-08-21",,"85",,
"MXM00076692","HACIENDA YLANG YLANG VERACRUZ, MX","2016-08-22","0.31","81","91","73"
"MXM00076692","HACIENDA YLANG YLANG VERACRUZ, MX","2016-08-23","4.13","79","87","73"
"MXM00076692","HACIENDA YLANG YLANG VERACRUZ, MX","2016-08-24","1.29","80",,
"MXM00076692","HACIENDA YLANG YLANG VERACRUZ, MX","2016-08-25","0.00","83",,
"MXM00076692","HACIENDA YLANG YLANG VERACRUZ, MX","2016-08-26","0.01","83",,
"MXM00076692","HACIENDA YLANG YLANG VERACRUZ, MX","2016-08-27","0.00","83","90","77"
"MXM00076692","HACIENDA YLANG YLANG VERACRUZ, MX","2016-08-28",,"85","92","78"
"MXM00076692","HACIENDA YLANG YLANG VERACRUZ, MX","2016-08-29",,"85",,
"MXM00076692","HACIENDA YLANG YLANG VERACRUZ, MX","2016-08-30",,"85",,
"MXM00076692","HACIENDA YLANG YLANG VERACRUZ, MX","2016-08-31",,"85",,
"MXM00076692","HACIENDA YLANG YLANG VERACRUZ, MX","2016-09-01",,"85",,
"MXM00076692","HACIENDA YLANG YLANG VERACRUZ, MX","2016-09-02",,"84",,
"MXM00076692","HACIENDA YLANG YLANG VERACRUZ, MX","2016-09-03","0.13","81","89","77"
"MXM00076692","HACIENDA YLANG YLANG VERACRUZ, MX","2016-09-04","0.37","80","85","76"
"MXM00076692","HACIENDA YLANG YLANG VERACRUZ, MX","2016-09-05","0.07","82",,
"MXM00076692","HACIENDA YLANG YLANG VERACRUZ, MX","2016-09-06","1.35","83","89","75"
"MXM00076692","HACIENDA YLANG YLANG VERACRUZ, MX","2016-09-07","0.54","84","90","75"
"MXM00076692","HACIENDA YLANG YLANG VERACRUZ, MX","2016-09-08","0.00","83","92","75"
"MXM00076692","HACIENDA YLANG YLANG VERACRUZ, MX","2016-09-09","0.00","83","90","75"
"MXM00076692","HACIENDA YLANG YLANG VERACRUZ, MX","2016-09-10","0.00","84","90","76"
"MXM00076692","HACIENDA YLANG YLANG VERACRUZ, MX","2016-09-11","0.00","83","90","77"
"MXM00076692","HACIENDA YLANG YLANG VERACRUZ, MX","2016-09-12","0.09","82",,
"MXM00076692","HACIENDA YLANG YLANG VERACRUZ, MX","2016-09-13","0.01","85","93","77"
"MXM00076692","HACIENDA YLANG YLANG VERACRUZ, MX","2016-09-14","0.00","85","91","79"
"MXM00076692","HACIENDA YLANG YLANG VERACRUZ, MX","2016-09-15","0.76","83","91","75"
"MXM00076692","HACIENDA YLANG YLANG VERACRUZ, MX","2016-09-16","0.13","82","89","75"
"MXM00076692","HACIENDA YLANG YLANG VERACRUZ, MX","2016-09-17","0.63","82","89","77"
"MXM00076692","HACIENDA YLANG YLANG VERACRUZ, MX","2016-09-18","0.01","84",,
"MXM00076692","HACIENDA YLANG YLANG VERACRUZ, MX","2016-09-19","0.00","84","91","78"
"MXM00076692","HACIENDA YLANG YLANG VERACRUZ, MX","2016-09-20","0.04","83","91","75"
"MXM00076692","HACIENDA YLANG YLANG VERACRUZ, MX","2016-09-21","1.34","78","90","73"
"MXM00076692","HACIENDA YLANG YLANG VERACRUZ, MX","2016-09-22","0.42","81",,
"MXM00076692","HACIENDA YLANG YLANG VERACRUZ, MX","2016-09-23","0.29","83","91","75"
"MXM00076692","HACIENDA YLANG YLANG VERACRUZ, MX","2016-09-24","0.25","83","92","76"
"MXM00076692","HACIENDA YLANG YLANG VERACRUZ, MX","2016-09-25","2.08","82","91","74"
"MXM00076692","HACIENDA YLANG YLANG VERACRUZ, MX","2016-09-26","0.77","81","88","74"
"MXM00076692","HACIENDA YLANG YLANG VERACRUZ, MX","2016-09-27","3.93","82","90","75"
"MXM00076692","HACIENDA YLANG YLANG VERACRUZ, MX","2016-09-28","0.37","82","88","75"
"MXM00076692","HACIENDA YLANG YLANG VERACRUZ, MX","2016-09-29","0.00","83",,
"MXM00076692","HACIENDA YLANG YLANG VERACRUZ, MX","2016-09-30",,"84",,
"MXM00076692","HACIENDA YLANG YLANG VERACRUZ, MX","2016-10-01",,"83","90","78"
"MXM00076692","HACIENDA YLANG YLANG VERACRUZ, MX","2016-10-02",,"84",,
"MXM00076692","HACIENDA YLANG YLANG VERACRUZ, MX","2016-10-03","1.32","82","90","74"
"MXM00076692","HACIENDA YLANG YLANG VERACRUZ, MX","2016-10-04","0.00","83","89","76"
"MXM00076692","HACIENDA YLANG YLANG VERACRUZ, MX","2016-10-05",,"84",,
"MXM00076692","HACIENDA YLANG YLANG VERACRUZ, MX","2016-10-06","1.04","84","91","74"
"MXM00076692","HACIENDA YLANG YLANG VERACRUZ, MX","2016-10-07","0.02","84","90","74"
"MXM00076692","HACIENDA YLANG YLANG VERACRUZ, MX","2016-10-08","1.00","81","91","74"
"MXM00076692","HACIENDA YLANG YLANG VERACRUZ, MX","2016-10-09","0.00","80",,
"MXM00076692","HACIENDA YLANG YLANG VERACRUZ, MX","2016-10-10","0.28","81",,
"MXM00076692","HACIENDA YLANG YLANG VERACRUZ, MX","2016-10-11","0.13","83",,
"MXM00076692","HACIENDA YLANG YLANG VERACRUZ, MX","2016-10-12","0.00","82",,
"MXM00076692","HACIENDA YLANG YLANG VERACRUZ, MX","2016-10-13","0.03","82","89","75"
"MXM00076692","HACIENDA YLANG YLANG VERACRUZ, MX","2016-10-14","0.24","82","89","76"
"MXM00076692","HACIENDA YLANG YLANG VERACRUZ, MX","2016-10-15","0.00","82","89","74"
"MXM00076692","HACIENDA YLANG YLANG VERACRUZ, MX","2016-10-16",,"82","87","76"
"MXM00076692","HACIENDA YLANG YLANG VERACRUZ, MX","2016-10-17",,"82",,
"MXM00076692","HACIENDA YLANG YLANG VERACRUZ, MX","2016-10-18","0.00","82","91","75"
"MXM00076692","HACIENDA YLANG YLANG VERACRUZ, MX","2016-10-19","0.42","83","89","76"
"MXM00076692","HACIENDA YLANG YLANG VERACRUZ, MX","2016-10-20","0.00","81",,
"MXM00076692","HACIENDA YLANG YLANG VERACRUZ, MX","2016-10-21",,"83","87","78"
"MXM00076692","HACIENDA YLANG YLANG VERACRUZ, MX","2016-10-22",,"80","87","77"
"MXM00076692","HACIENDA YLANG YLANG VERACRUZ, MX","2016-10-23",,"78",,
"MXM00076692","HACIENDA YLANG YLANG VERACRUZ, MX","2016-10-24","1.01","76","85","72"
"MXM00076692","HACIENDA YLANG YLANG VERACRUZ, MX","2016-10-25","0.02","80","85","72"
"MXM00076692","HACIENDA YLANG YLANG VERACRUZ, MX","2016-10-26","0.00","80","86","73"
"MXM00076692","HACIENDA YLANG YLANG VERACRUZ, MX","2016-10-27","0.31","80","86","71"
"MXM00076692","HACIENDA YLANG YLANG VERACRUZ, MX","2016-10-28","0.00","81",,
"MXM00076692","HACIENDA YLANG YLANG VERACRUZ, MX","2016-10-29",,"78",,
"MXM00076692","HACIENDA YLANG YLANG VERACRUZ, MX","2016-10-30",,"80",,
"MXM00076692","HACIENDA YLANG YLANG VERACRUZ, MX","2016-10-31",,"82",,
"MXM00076692","HACIENDA YLANG YLANG VERACRUZ, MX","2016-11-01","0.00","82","88","74"
"MXM00076692","HACIENDA YLANG YLANG VERACRUZ, MX","2016-11-02",,"82",,
"MXM00076692","HACIENDA YLANG YLANG VERACRUZ, MX","2016-11-03","0.04","82","89","76"
"MXM00076692","HACIENDA YLANG YLANG VERACRUZ, MX","2016-11-04","2.07","80","86","73"
"MXM00076692","HACIENDA YLANG YLANG VERACRUZ, MX","2016-11-05","0.17","79","87","73"
"MXM00076692","HACIENDA YLANG YLANG VERACRUZ, MX","2016-11-06","0.03","78","85","71"
"MXM00076692","HACIENDA YLANG YLANG VERACRUZ, MX","2016-11-07","0.00","79",,
"MXM00076692","HACIENDA YLANG YLANG VERACRUZ, MX","2016-11-08",,"79",,
"MXM00076692","HACIENDA YLANG YLANG VERACRUZ, MX","2016-11-09",,"80",,
"MXM00076692","HACIENDA YLANG YLANG VERACRUZ, MX","2016-11-10",,"78",,
"MXM00076692","HACIENDA YLANG YLANG VERACRUZ, MX","2016-11-12",,"80",,
"MXM00076692","HACIENDA YLANG YLANG VERACRUZ, MX","2016-11-13",,"78",,
"MXM00076692","HACIENDA YLANG YLANG VERACRUZ, MX","2016-11-14",,"78",,
"MXM00076692","HACIENDA YLANG YLANG VERACRUZ, MX","2016-11-15",,"79",,
"MXM00076692","HACIENDA YLANG YLANG VERACRUZ, MX","2016-11-16","0.00","78","83","73"
"MXM00076692","HACIENDA YLANG YLANG VERACRUZ, MX","2016-11-17","0.35","76","83","70"
"MXM00076692","HACIENDA YLANG YLANG VERACRUZ, MX","2016-11-18","0.00","77",,
"MXM00076692","HACIENDA YLANG YLANG VERACRUZ, MX","2016-11-19","0.27","78","88","72"
"MXM00076692","HACIENDA YLANG YLANG VERACRUZ, MX","2016-11-20","0.00","73","82","68"
"MXM00076692","HACIENDA YLANG YLANG VERACRUZ, MX","2016-11-21",,"72",,
"MXM00076692","HACIENDA YLANG YLANG VERACRUZ, MX","2016-11-22","0.00","75","82","67"
"MXM00076692","HACIENDA YLANG YLANG VERACRUZ, MX","2016-11-23","0.00","75",,
"MXM00076692","HACIENDA YLANG YLANG VERACRUZ, MX","2016-11-24","0.28","76","85","70"
"MXM00076692","HACIENDA YLANG YLANG VERACRUZ, MX","2016-11-25","0.00","75",,
"MXM00076692","HACIENDA YLANG YLANG VERACRUZ, MX","2016-11-26",,"77","83","66"
"MXM00076692","HACIENDA YLANG YLANG VERACRUZ, MX","2016-11-27",,"76",,
"MXM00076692","HACIENDA YLANG YLANG VERACRUZ, MX","2016-11-28",,"75",,
"MXM00076692","HACIENDA YLANG YLANG VERACRUZ, MX","2016-11-29","0.00","78",,
"MXM00076692","HACIENDA YLANG YLANG VERACRUZ, MX","2016-11-30","0.00","78","91","71"
"MXM00076692","HACIENDA YLANG YLANG VERACRUZ, MX","2016-12-01","0.00","78","90","72"
"MXM00076692","HACIENDA YLANG YLANG VERACRUZ, MX","2016-12-02","0.00","78","85","71"
"MXM00076692","HACIENDA YLANG YLANG VERACRUZ, MX","2016-12-03","0.00","78","85","71"
"MXM00076692","HACIENDA YLANG YLANG VERACRUZ, MX","2016-12-04","0.00","80","87","73"
"MXM00076692","HACIENDA YLANG YLANG VERACRUZ, MX","2016-12-05","0.00","80","87","74"
"MXM00076692","HACIENDA YLANG YLANG VERACRUZ, MX","2016-12-06","0.00","78","84","76"
"MXM00076692","HACIENDA YLANG YLANG VERACRUZ, MX","2016-12-07","0.00","79","88","76"
"MXM00076692","HACIENDA YLANG YLANG VERACRUZ, MX","2016-12-08","0.00","80","88","75"
"MXM00076692","HACIENDA YLANG YLANG VERACRUZ, MX","2016-12-09","0.00","73","86","68"
"MXM00076692","HACIENDA YLANG YLANG VERACRUZ, MX","2016-12-10",,"69",,
"MXM00076692","HACIENDA YLANG YLANG VERACRUZ, MX","2016-12-11",,"73",,
"MXM00076692","HACIENDA YLANG YLANG VERACRUZ, MX","2016-12-12","0.00","76","83","69"
"MXM00076692","HACIENDA YLANG YLANG VERACRUZ, MX","2016-12-13","0.00","77","86","71"
"MXM00076692","HACIENDA YLANG YLANG VERACRUZ, MX","2016-12-14","0.00","78","86","71"
"MXM00076692","HACIENDA YLANG YLANG VERACRUZ, MX","2016-12-15","0.00","79","85","74"
"MXM00076692","HACIENDA YLANG YLANG VERACRUZ, MX","2016-12-16","0.21","77","85","71"
"MXM00076692","HACIENDA YLANG YLANG VERACRUZ, MX","2016-12-17","0.00","78","85","71"
"MXM00076692","HACIENDA YLANG YLANG VERACRUZ, MX","2016-12-18","0.00","78","87","71"
"MXM00076692","HACIENDA YLANG YLANG VERACRUZ, MX","2016-12-19","0.00","69",,
"MXM00076692","HACIENDA YLANG YLANG VERACRUZ, MX","2016-12-20","0.01","67",,
"MXM00076692","HACIENDA YLANG YLANG VERACRUZ, MX","2016-12-21",,"69",,
"MXM00076692","HACIENDA YLANG YLANG VERACRUZ, MX","2016-12-22","0.00","73","82","65"
"MXM00076692","HACIENDA YLANG YLANG VERACRUZ, MX","2016-12-23","0.00","74","83","65"
"MXM00076692","HACIENDA YLANG YLANG VERACRUZ, MX","2016-12-24","0.00","74","83","66"
"MXM00076692","HACIENDA YLANG YLANG VERACRUZ, MX","2016-12-25","0.00","76","85","66"
"MXM00076692","HACIENDA YLANG YLANG VERACRUZ, MX","2016-12-26","0.00","77","85","69"
"MXM00076692","HACIENDA YLANG YLANG VERACRUZ, MX","2016-12-27","0.00","77","85","71"
"MXM00076692","HACIENDA YLANG YLANG VERACRUZ, MX","2016-12-28","0.00","77","84","72"
"MXM00076692","HACIENDA YLANG YLANG VERACRUZ, MX","2016-12-29","0.00","76","85","70"
"MXM00076692","HACIENDA YLANG YLANG VERACRUZ, MX","2016-12-30","0.00","75","83","70"
"MXM00076692","HACIENDA YLANG YLANG VERACRUZ, MX","2016-12-31","0.00","72",,
"MXM00076692","HACIENDA YLANG YLANG VERACRUZ, MX","2017-01-02","0.00","76","88","67"
"MXM00076692","HACIENDA YLANG YLANG VERACRUZ, MX","2017-01-03","0.00","76","90","69"
"MXM00076692","HACIENDA YLANG YLANG VERACRUZ, MX","2017-01-04","0.00","78","83","69"
"MXM00076692","HACIENDA YLANG YLANG VERACRUZ, MX","2017-01-05","0.00","76","84","69"
"MXM00076692","HACIENDA YLANG YLANG VERACRUZ, MX","2017-01-06","0.00","76","85","69"
"MXM00076692","HACIENDA YLANG YLANG VERACRUZ, MX","2017-01-07","0.00","72",,
"MXM00076692","HACIENDA YLANG YLANG VERACRUZ, MX","2017-01-08","0.00","63","76","61"
"MXM00076692","HACIENDA YLANG YLANG VERACRUZ, MX","2017-01-09","0.00","67",,
"MXM00076692","HACIENDA YLANG YLANG VERACRUZ, MX","2017-01-10","0.01","69","80","60"
"MXM00076692","HACIENDA YLANG YLANG VERACRUZ, MX","2017-01-11","0.00","71","85","60"
"MXM00076692","HACIENDA YLANG YLANG VERACRUZ, MX","2017-01-12","0.00","73","85","63"
"MXM00076692","HACIENDA YLANG YLANG VERACRUZ, MX","2017-01-13","0.00","75","85","65"
"MXM00076692","HACIENDA YLANG YLANG VERACRUZ, MX","2017-01-14","0.00","75","84","68"
"MXM00076692","HACIENDA YLANG YLANG VERACRUZ, MX","2017-01-15","0.00","74","82","67"
"MXM00076692","HACIENDA YLANG YLANG VERACRUZ, MX","2017-01-16","0.00","74","83","65"
"MXM00076692","HACIENDA YLANG YLANG VERACRUZ, MX","2017-01-17","0.00","76","85","65"
"MXM00076692","HACIENDA YLANG YLANG VERACRUZ, MX","2017-01-18","0.00","78","85","69"
"MXM00076692","HACIENDA YLANG YLANG VERACRUZ, MX","2017-01-19","0.00","76",,
"MXM00076692","HACIENDA YLANG YLANG VERACRUZ, MX","2017-01-20","0.00","78",,
"MXM00076692","HACIENDA YLANG YLANG VERACRUZ, MX","2017-01-21","0.00","81","94","70"
"MXM00076692","HACIENDA YLANG YLANG VERACRUZ, MX","2017-01-22","0.00","79","95","69"
"MXM00076692","HACIENDA YLANG YLANG VERACRUZ, MX","2017-01-23","0.00","76","89","69"
"MXM00076692","HACIENDA YLANG YLANG VERACRUZ, MX","2017-01-24","0.00","73","83","63"
"MXM00076692","HACIENDA YLANG YLANG VERACRUZ, MX","2017-01-25","0.00","78",,
"MXM00076692","HACIENDA YLANG YLANG VERACRUZ, MX","2017-01-26","0.00","78","91","68"
"MXM00076692","HACIENDA YLANG YLANG VERACRUZ, MX","2017-01-27","0.00","75","83","72"
"MXM00076692","HACIENDA YLANG YLANG VERACRUZ, MX","2017-01-28","0.00","75","83","71"
"MXM00076692","HACIENDA YLANG YLANG VERACRUZ, MX","2017-01-29","0.00","69","78","67"
"MXM00076692","HACIENDA YLANG YLANG VERACRUZ, MX","2017-01-30","0.00","68",,
"MXM00076692","HACIENDA YLANG YLANG VERACRUZ, MX","2017-01-31","0.00","67","77","58"
"MXM00076692","HACIENDA YLANG YLANG VERACRUZ, MX","2017-02-01","0.00","72","82","58"
"MXM00076692","HACIENDA YLANG YLANG VERACRUZ, MX","2017-02-02","0.00","73","85","64"
"MXM00076692","HACIENDA YLANG YLANG VERACRUZ, MX","2017-02-03",,"75","85","67"
"MXM00076692","HACIENDA YLANG YLANG VERACRUZ, MX","2017-02-04","0.60","73","80","70"
"MXM00076692","HACIENDA YLANG YLANG VERACRUZ, MX","2017-02-05","0.60","73","82","66"
"MXM00076692","HACIENDA YLANG YLANG VERACRUZ, MX","2017-02-06","0.00","76","82","66"
"MXM00076692","HACIENDA YLANG YLANG VERACRUZ, MX","2017-02-07","0.00","76","83","69"
"MXM00076692","HACIENDA YLANG YLANG VERACRUZ, MX","2017-02-08","0.00","78","86","69"
"MXM00076692","HACIENDA YLANG YLANG VERACRUZ, MX","2017-02-09","0.00","78","86","72"
"MXM00076692","HACIENDA YLANG YLANG VERACRUZ, MX","2017-02-10","0.00","77","83","71"
"MXM00076692","HACIENDA YLANG YLANG VERACRUZ, MX","2017-02-11","0.00","76","84","68"
"MXM00076692","HACIENDA YLANG YLANG VERACRUZ, MX","2017-02-12","0.00","78","85","68"
"MXM00076692","HACIENDA YLANG YLANG VERACRUZ, MX","2017-02-13","0.00","78","85","72"
"MXM00076692","HACIENDA YLANG YLANG VERACRUZ, MX","2017-02-14","0.00","77","85","70"
"MXM00076692","HACIENDA YLANG YLANG VERACRUZ, MX","2017-02-15","0.00","77","84","70"
"MXM00076692","HACIENDA YLANG YLANG VERACRUZ, MX","2017-02-16","0.00","72","80","69"
"MXM00076692","HACIENDA YLANG YLANG VERACRUZ, MX","2017-02-17","0.00","72","80","67"
"MXM00076692","HACIENDA YLANG YLANG VERACRUZ, MX","2017-02-18","0.00","75","84","67"
"MXM00076692","HACIENDA YLANG YLANG VERACRUZ, MX","2017-02-19","0.00","78","89","68"
"MXM00076692","HACIENDA YLANG YLANG VERACRUZ, MX","2017-02-20","0.00","78","90","70"
"MXM00076692","HACIENDA YLANG YLANG VERACRUZ, MX","2017-02-21","0.00","78","89","71"
"MXM00076692","HACIENDA YLANG YLANG VERACRUZ, MX","2017-02-22","0.00","74",,
"MXM00076692","HACIENDA YLANG YLANG VERACRUZ, MX","2017-02-23","0.00","75","88","61"
"MXM00076692","HACIENDA YLANG YLANG VERACRUZ, MX","2017-02-24","0.00","77","88","61"
"MXM00076692","HACIENDA YLANG YLANG VERACRUZ, MX","2017-02-25","0.00","78","90","68"
"MXM00076692","HACIENDA YLANG YLANG VERACRUZ, MX","2017-02-26","0.00","77","84","71"
"MXM00076692","HACIENDA YLANG YLANG VERACRUZ, MX","2017-02-27","0.00","79","89","71"
"MXM00076692","HACIENDA YLANG YLANG VERACRUZ, MX","2017-02-28","0.00","79","89","72"
"MXM00076692","HACIENDA YLANG YLANG VERACRUZ, MX","2017-03-01","0.00","79","86","73"
"MXM00076692","HACIENDA YLANG YLANG VERACRUZ, MX","2017-03-02","0.00","80","86","73"
"MXM00076692","HACIENDA YLANG YLANG VERACRUZ, MX","2017-03-03","0.00","75","85","66"
"MXM00076692","HACIENDA YLANG YLANG VERACRUZ, MX","2017-03-04","0.01","73","80","70"
"MXM00076692","HACIENDA YLANG YLANG VERACRUZ, MX","2017-03-05","0.00","75","84","70"
"MXM00076692","HACIENDA YLANG YLANG VERACRUZ, MX","2017-03-06","0.00","76","87","68"
"MXM00076692","HACIENDA YLANG YLANG VERACRUZ, MX","2017-03-07","0.00","78","88","68"
"MXM00076692","HACIENDA YLANG YLANG VERACRUZ, MX","2017-03-08","0.00","77","86","71"
"MXM00076692","HACIENDA YLANG YLANG VERACRUZ, MX","2017-03-09","0.71","77",,
"MXM00076692","HACIENDA YLANG YLANG VERACRUZ, MX","2017-03-10",,"78","85","70"
"MXM00076692","HACIENDA YLANG YLANG VERACRUZ, MX","2017-03-11","0.00","78","85","73"
"MXM00076692","HACIENDA YLANG YLANG VERACRUZ, MX","2017-03-12","0.00","79","85","73"
"MXM00076692","HACIENDA YLANG YLANG VERACRUZ, MX","2017-03-13","0.00","76","85","69"
"MXM00076692","HACIENDA YLANG YLANG VERACRUZ, MX","2017-03-14","0.05","76","85","69"
"MXM00076692","HACIENDA YLANG YLANG VERACRUZ, MX","2017-03-15","0.25","74","81","70"
"MXM00076692","HACIENDA YLANG YLANG VERACRUZ, MX","2017-03-16","0.05","75","81","69"
"MXM00076692","HACIENDA YLANG YLANG VERACRUZ, MX","2017-03-17","0.00","76","83","70"
"MXM00076692","HACIENDA YLANG YLANG VERACRUZ, MX","2017-03-18","0.00","77","84","70"
"MXM00076692","HACIENDA YLANG YLANG VERACRUZ, MX","2017-03-19","0.00","77","84","72"
"MXM00076692","HACIENDA YLANG YLANG VERACRUZ, MX","2017-03-20","0.00","77","84","70"
"MXM00076692","HACIENDA YLANG YLANG VERACRUZ, MX","2017-03-21","0.00","76","82","67"
"MXM00076692","HACIENDA YLANG YLANG VERACRUZ, MX","2017-03-22","0.00","77","83","67"
"MXM00076692","HACIENDA YLANG YLANG VERACRUZ, MX","2017-03-23","0.00","77","85","71"
"MXM00076692","HACIENDA YLANG YLANG VERACRUZ, MX","2017-03-24","0.00","78","88","70"
"MXM00076692","HACIENDA YLANG YLANG VERACRUZ, MX","2017-03-25","0.00","79","88","70"
"MXM00076692","HACIENDA YLANG YLANG VERACRUZ, MX","2017-03-26","0.00","79","85","73"
"MXM00076692","HACIENDA YLANG YLANG VERACRUZ, MX","2017-03-27","0.00","80",,
"MXM00076692","HACIENDA YLANG YLANG VERACRUZ, MX","2017-03-28","0.00","81","88","72"
"MXM00076692","HACIENDA YLANG YLANG VERACRUZ, MX","2017-03-29","0.00","83",,
"MXM00076692","HACIENDA YLANG YLANG VERACRUZ, MX","2017-03-30","0.00","81","94","74"
"MXM00076692","HACIENDA YLANG YLANG VERACRUZ, MX","2017-03-31","0.00","80","88","74"
"MXM00076692","HACIENDA YLANG YLANG VERACRUZ, MX","2017-04-01","0.00","81","88","76"
"MXM00076692","HACIENDA YLANG YLANG VERACRUZ, MX","2017-04-02","0.00","83","94","73"
"MXM00076692","HACIENDA YLANG YLANG VERACRUZ, MX","2017-04-03","0.00","83","100","73"
"MXM00076692","HACIENDA YLANG YLANG VERACRUZ, MX","2017-04-04","0.00","80","90","74"
"MXM00076692","HACIENDA YLANG YLANG VERACRUZ, MX","2017-04-05","0.00","80","90","73"
"MXM00076692","HACIENDA YLANG YLANG VERACRUZ, MX","2017-04-06","0.00","79","90","73"
"MXM00076692","HACIENDA YLANG YLANG VERACRUZ, MX","2017-04-07","0.00","77","84","73"
"MXM00076692","HACIENDA YLANG YLANG VERACRUZ, MX","2017-04-08","0.00","77","84","73"
"MXM00076692","HACIENDA YLANG YLANG VERACRUZ, MX","2017-04-09","0.00","79","88","73"
"MXM00076692","HACIENDA YLANG YLANG VERACRUZ, MX","2017-04-10","0.00","81","88","75"
"MXM00076692","HACIENDA YLANG YLANG VERACRUZ, MX","2017-04-11","0.00","81","87","78"
"MXM00076692","HACIENDA YLANG YLANG VERACRUZ, MX","2017-04-12","0.00","81","87","77"
"MXM00076692","HACIENDA YLANG YLANG VERACRUZ, MX","2017-04-13","0.00","78","87","74"
"MXM00076692","HACIENDA YLANG YLANG VERACRUZ, MX","2017-04-14","0.03","78","85","73"
"MXM00076692","HACIENDA YLANG YLANG VERACRUZ, MX","2017-04-15","0.01","80",,
"MXM00076692","HACIENDA YLANG YLANG VERACRUZ, MX","2017-04-16","0.00","81","89","74"
"MXM00076692","HACIENDA YLANG YLANG VERACRUZ, MX","2017-04-17","0.00","81","89","77"
"MXM00076692","HACIENDA YLANG YLANG VERACRUZ, MX","2017-04-18","0.00","80","87","70"
"MXM00076692","HACIENDA YLANG YLANG VERACRUZ, MX","2017-04-19",,"78","90","70"
"MXM00076692","HACIENDA YLANG YLANG VERACRUZ, MX","2017-04-20","0.00","78","87","70"
"MXM00076692","HACIENDA YLANG YLANG VERACRUZ, MX","2017-04-21","0.00","80","87","72"
"MXM00076692","HACIENDA YLANG YLANG VERACRUZ, MX","2017-04-22","0.00","81","87","75"
"MXM00076692","HACIENDA YLANG YLANG VERACRUZ, MX","2017-04-23","0.00","82","87","76"
"MXM00076692","HACIENDA YLANG YLANG VERACRUZ, MX","2017-04-24","0.00","81","87","74"
"MXM00076692","HACIENDA YLANG YLANG VERACRUZ, MX","2017-04-25","0.00","81","86","74"
"MXM00076692","HACIENDA YLANG YLANG VERACRUZ, MX","2017-04-26","0.00","85",,
"MXM00076692","HACIENDA YLANG YLANG VERACRUZ, MX","2017-04-27","0.00","86","103","76"
"MXM00076692","HACIENDA YLANG YLANG VERACRUZ, MX","2017-04-28","0.00","85","93","76"
"MXM00076692","HACIENDA YLANG YLANG VERACRUZ, MX","2017-04-29","0.00","85",,
"MXM00076692","HACIENDA YLANG YLANG VERACRUZ, MX","2017-04-30","0.00","85","101","77"
"MXM00076692","HACIENDA YLANG YLANG VERACRUZ, MX","2017-05-01","0.00","80","92","77"
"MXM00076692","HACIENDA YLANG YLANG VERACRUZ, MX","2017-05-02","0.00","80","87","73"
"MXM00076692","HACIENDA YLANG YLANG VERACRUZ, MX","2017-05-03","0.00","82","89","73"
"MXM00076692","HACIENDA YLANG YLANG VERACRUZ, MX","2017-05-04","0.00","83","94","78"
"MXM00076692","HACIENDA YLANG YLANG VERACRUZ, MX","2017-05-05","0.00","79","94","75"
"MXM00076692","HACIENDA YLANG YLANG VERACRUZ, MX","2017-05-06","0.00","77","85","70"
"MXM00076692","HACIENDA YLANG YLANG VERACRUZ, MX","2017-05-07","0.00","78","87","70"
"MXM00076692","HACIENDA YLANG YLANG VERACRUZ, MX","2017-05-08","0.00","80","87","70"
"MXM00076692","HACIENDA YLANG YLANG VERACRUZ, MX","2017-05-09","0.00","82","88","76"
"MXM00076692","HACIENDA YLANG YLANG VERACRUZ, MX","2017-05-10","0.00","82","90","77"
"MXM00076692","HACIENDA YLANG YLANG VERACRUZ, MX","2017-05-11","0.00","83","92","78"
"MXM00076692","HACIENDA YLANG YLANG VERACRUZ, MX","2017-05-12","0.00","84","92","79"
"MXM00076692","HACIENDA YLANG YLANG VERACRUZ, MX","2017-05-13","0.00","82","92","74"
"MXM00076692","HACIENDA YLANG YLANG VERACRUZ, MX","2017-05-14","0.00","81",,
"MXM00076692","HACIENDA YLANG YLANG VERACRUZ, MX","2017-05-15","0.00","84","90","80"
"MXM00076692","HACIENDA YLANG YLANG VERACRUZ, MX","2017-05-16","0.00","84","90","81"
"MXM00076692","HACIENDA YLANG YLANG VERACRUZ, MX","2017-05-17","0.00","85","91","80"
"MXM00076692","HACIENDA YLANG YLANG VERACRUZ, MX","2017-05-18","0.00","85","92","80"
"MXM00076692","HACIENDA YLANG YLANG VERACRUZ, MX","2017-05-19","0.00","86","93","81"
"MXM00076692","HACIENDA YLANG YLANG VERACRUZ, MX","2017-05-20","0.00","85","92","82"
"MXM00076692","HACIENDA YLANG YLANG VERACRUZ, MX","2017-05-21","0.00","85","92","82"
"MXM00076692","HACIENDA YLANG YLANG VERACRUZ, MX","2017-05-22","0.00","86","94","82"
"MXM00076692","HACIENDA YLANG YLANG VERACRUZ, MX","2017-05-23","0.00","87",,
"MXM00076692","HACIENDA YLANG YLANG VERACRUZ, MX","2017-05-24","0.00","86","98","83"
"MXM00076692","HACIENDA YLANG YLANG VERACRUZ, MX","2017-05-25","0.00","84","92","82"
"MXM00076692","HACIENDA YLANG YLANG VERACRUZ, MX","2017-05-26","0.00","86","95","82"
"MXM00076692","HACIENDA YLANG YLANG VERACRUZ, MX","2017-05-27","0.00","88","96","82"
"MXM00076692","HACIENDA YLANG YLANG VERACRUZ, MX","2017-05-28","0.00","85","96","78"
"MXM00076692","HACIENDA YLANG YLANG VERACRUZ, MX","2017-05-29","0.00","83","96","77"
"MXM00076692","HACIENDA YLANG YLANG VERACRUZ, MX","2017-05-30","4.37","79",,
"MXM00076692","HACIENDA YLANG YLANG VERACRUZ, MX","2017-05-31","0.06","80",,
"MXM00076692","HACIENDA YLANG YLANG VERACRUZ, MX","2017-06-01","0.23","78","87","75"
"MXM00076692","HACIENDA YLANG YLANG VERACRUZ, MX","2017-06-02","0.76","78","85","75"
"MXM00076692","HACIENDA YLANG YLANG VERACRUZ, MX","2017-06-03","0.00","82",,
"MXM00076692","HACIENDA YLANG YLANG VERACRUZ, MX","2017-06-04",,"84",,
"MXM00076692","HACIENDA YLANG YLANG VERACRUZ, MX","2017-06-05",,"85",,
"MXM00076692","HACIENDA YLANG YLANG VERACRUZ, MX","2017-06-06",,"87",,
"MXM00076692","HACIENDA YLANG YLANG VERACRUZ, MX","2017-06-07",,"87",,
"MXM00076692","HACIENDA YLANG YLANG VERACRUZ, MX","2017-06-08",,"85",,
"MXM00076692","HACIENDA YLANG YLANG VERACRUZ, MX","2017-06-09",,"85",,
"MXM00076692","HACIENDA YLANG YLANG VERACRUZ, MX","2017-06-10",,"85",,
"MXM00076692","HACIENDA YLANG YLANG VERACRUZ, MX","2017-06-11",,"86",,
"MXM00076692","HACIENDA YLANG YLANG VERACRUZ, MX","2017-06-12",,"86","94","80"
"MXM00076692","HACIENDA YLANG YLANG VERACRUZ, MX","2017-06-13",,"84","88","76"
"MXM00076692","HACIENDA YLANG YLANG VERACRUZ, MX","2017-06-14","0.02","81","94","76"
"MXM00076692","HACIENDA YLANG YLANG VERACRUZ, MX","2017-06-15","1.43","82","90","75"
"MXM00076692","HACIENDA YLANG YLANG VERACRUZ, MX","2017-06-16","0.89","83",,
"MXM00076692","HACIENDA YLANG YLANG VERACRUZ, MX","2017-06-17","0.00","85","90","80"
"MXM00076692","HACIENDA YLANG YLANG VERACRUZ, MX","2017-06-18",,"86",,
"MXM00076692","HACIENDA YLANG YLANG VERACRUZ, MX","2017-06-19","0.30","85","92","76"
"MXM00076692","HACIENDA YLANG YLANG VERACRUZ, MX","2017-06-20","0.00","85",,
"MXM00076692","HACIENDA YLANG YLANG VERACRUZ, MX","2017-06-21",,"85",,
"MXM00076692","HACIENDA YLANG YLANG VERACRUZ, MX","2017-06-22",,"85",,
"MXM00076692","HACIENDA YLANG YLANG VERACRUZ, MX","2017-06-23",,"85",,
"MXM00076692","HACIENDA YLANG YLANG VERACRUZ, MX","2017-06-24",,"85",,
"MXM00076692","HACIENDA YLANG YLANG VERACRUZ, MX","2017-06-25","1.06","81","91","75"
"MXM00076692","HACIENDA YLANG YLANG VERACRUZ, MX","2017-06-26","3.76","80","88","73"
"MXM00076692","HACIENDA YLANG YLANG VERACRUZ, MX","2017-06-27","0.00","82",,
"MXM00076692","HACIENDA YLANG YLANG VERACRUZ, MX","2017-06-28","0.03","84","89","76"
"MXM00076692","HACIENDA YLANG YLANG VERACRUZ, MX","2017-06-29","0.51","84","91","77"
"MXM00076692","HACIENDA YLANG YLANG VERACRUZ, MX","2017-06-30","0.00","85",,
"MXM00076692","HACIENDA YLANG YLANG VERACRUZ, MX","2017-07-01","1.27","82","90","75"
"MXM00076692","HACIENDA YLANG YLANG VERACRUZ, MX","2017-07-02","2.03","81","88","74"
"MXM00076692","HACIENDA YLANG YLANG VERACRUZ, MX","2017-07-03","0.00","80",,
"MXM00076692","HACIENDA YLANG YLANG VERACRUZ, MX","2017-07-04",,"83",,
"MXM00076692","HACIENDA YLANG YLANG VERACRUZ, MX","2017-07-05",,"84",,
"MXM00076692","HACIENDA YLANG YLANG VERACRUZ, MX","2017-07-06","0.26","83","90","75"
"MXM00076692","HACIENDA YLANG YLANG VERACRUZ, MX","2017-07-07","1.79","75","88","72"
"MXM00076692","HACIENDA YLANG YLANG VERACRUZ, MX","2017-07-08","5.92","78","86","72"
"MXM00076692","HACIENDA YLANG YLANG VERACRUZ, MX","2017-07-09","2.60","78","87","72"
"MXM00076692","HACIENDA YLANG YLANG VERACRUZ, MX","2017-07-10","7.58","80","87","74"
"MXM00076692","HACIENDA YLANG YLANG VERACRUZ, MX","2017-07-11","0.00","83",,
"MXM00076692","HACIENDA YLANG YLANG VERACRUZ, MX","2017-07-12",,"84",,
"MXM00076692","HACIENDA YLANG YLANG VERACRUZ, MX","2017-07-13","0.34","85","90","75"
"MXM00076692","HACIENDA YLANG YLANG VERACRUZ, MX","2017-07-14","0.00","84",,
"MXM00076692","HACIENDA YLANG YLANG VERACRUZ, MX","2017-07-15",,"84","90","77"
"MXM00076692","HACIENDA YLANG YLANG VERACRUZ, MX","2017-07-16",,"83",,
"MXM00076692","HACIENDA YLANG YLANG VERACRUZ, MX","2017-07-17",,"85",,
"MXM00076692","HACIENDA YLANG YLANG VERACRUZ, MX","2017-07-18","2.00","81","92","74"
"MXM00076692","HACIENDA YLANG YLANG VERACRUZ, MX","2017-07-19","0.65","82","92","73"
"MXM00076692","HACIENDA YLANG YLANG VERACRUZ, MX","2017-07-20","0.39","81","88","73"
"MXM00076692","HACIENDA YLANG YLANG VERACRUZ, MX","2017-07-21","0.06","83",,
"MXM00076692","HACIENDA YLANG YLANG VERACRUZ, MX","2017-07-22","0.10","84","91","75"
"MXM00076692","HACIENDA YLANG YLANG VERACRUZ, MX","2017-07-23","0.06","85","90","78"
"MXM00076692","HACIENDA YLANG YLANG VERACRUZ, MX","2017-07-24","0.37","84","90","75"
"MXM00076692","HACIENDA YLANG YLANG VERACRUZ, MX","2017-07-25","1.22","80","89","70"
"MXM00076692","HACIENDA YLANG YLANG VERACRUZ, MX","2017-07-26","0.15","79","89","70"
"MXM00076692","HACIENDA YLANG YLANG VERACRUZ, MX","2017-07-27","0.37","80","89","72"
"MXM00076692","HACIENDA YLANG YLANG VERACRUZ, MX","2017-07-28","0.00","82",,
"MXM00076692","HACIENDA YLANG YLANG VERACRUZ, MX","2017-07-29",,"84",,
"MXM00076692","HACIENDA YLANG YLANG VERACRUZ, MX","2017-07-30",,"85",,
"MXM00076692","HACIENDA YLANG YLANG VERACRUZ, MX","2017-07-31","0.00","86","90","79"
"MXM00076692","HACIENDA YLANG YLANG VERACRUZ, MX","2017-08-01","0.02","85","92","77"
"MXM00076692","HACIENDA YLANG YLANG VERACRUZ, MX","2017-08-02","0.00","85","92","77"
"MXM00076692","HACIENDA YLANG YLANG VERACRUZ, MX","2017-08-03",,"85",,
"MXM00076692","HACIENDA YLANG YLANG VERACRUZ, MX","2017-08-04",,"86",,
"MXM00076692","HACIENDA YLANG YLANG VERACRUZ, MX","2017-08-05","0.11","85","92","77"
"MXM00076692","HACIENDA YLANG YLANG VERACRUZ, MX","2017-08-06","0.00","86",,
"MXM00076692","HACIENDA YLANG YLANG VERACRUZ, MX","2017-08-07",,"87",,
"MXM00076692","HACIENDA YLANG YLANG VERACRUZ, MX","2017-08-08",,"87",,
"MXM00076692","HACIENDA YLANG YLANG VERACRUZ, MX","2017-08-09","0.00","82",,
"MXM00076692","HACIENDA YLANG YLANG VERACRUZ, MX","2017-08-10","1.14","79","87","73"
"MXM00076692","HACIENDA YLANG YLANG VERACRUZ, MX","2017-08-11","0.36","82","89","74"
"MXM00076692","HACIENDA YLANG YLANG VERACRUZ, MX","2017-08-12","0.73","82","87","73"
"MXM00076692","HACIENDA YLANG YLANG VERACRUZ, MX","2017-08-13","0.01","84","88","78"
"MXM00076692","HACIENDA YLANG YLANG VERACRUZ, MX","2017-08-14","0.00","84",,
"MXM00076692","HACIENDA YLANG YLANG VERACRUZ, MX","2017-08-15",,"86",,
"MXM00076692","HACIENDA YLANG YLANG VERACRUZ, MX","2017-08-16",,"85",,
"MXM00076692","HACIENDA YLANG YLANG VERACRUZ, MX","2017-08-17","0.50","84","92","77"
"MXM00076692","HACIENDA YLANG YLANG VERACRUZ, MX","2017-08-18","0.00","84",,
"MXM00076692","HACIENDA YLANG YLANG VERACRUZ, MX","2017-08-19",,"83",,
"MXM00076692","HACIENDA YLANG YLANG VERACRUZ, MX","2017-08-20",,"86",,
"MXM00076692","HACIENDA YLANG YLANG VERACRUZ, MX","2017-08-21",,"83",,
"MXM00076692","HACIENDA YLANG YLANG VERACRUZ, MX","2017-08-22",,"84",,
"MXM00076692","HACIENDA YLANG YLANG VERACRUZ, MX","2017-08-23",,"85","92","77"
"MXM00076692","HACIENDA YLANG YLANG VERACRUZ, MX","2017-08-24",,"84",,
"MXM00076692","HACIENDA YLANG YLANG VERACRUZ, MX","2017-08-25",,"85",,
"MXM00076692","HACIENDA YLANG YLANG VERACRUZ, MX","2017-08-26",,"86",,
"MXM00076692","HACIENDA YLANG YLANG VERACRUZ, MX","2017-08-27",,"87",,
"MXM00076692","HACIENDA YLANG YLANG VERACRUZ, MX","2017-08-28","0.00","85","94","76"
"MXM00076692","HACIENDA YLANG YLANG VERACRUZ, MX","2017-08-29","0.28","82","95","75"
"MXM00076692","HACIENDA YLANG YLANG VERACRUZ, MX","2017-08-30","0.41","80","89","74"
"MXM00076692","HACIENDA YLANG YLANG VERACRUZ, MX","2017-08-31","0.00","83","90","74"
"MXM00076692","HACIENDA YLANG YLANG VERACRUZ, MX","2017-09-01","0.74","81","90","74"
"MXM00076692","HACIENDA YLANG YLANG VERACRUZ, MX","2017-09-02","0.14","80","87","75"
"MXM00076692","HACIENDA YLANG YLANG VERACRUZ, MX","2017-09-03","0.60","82",,
"MXM00076692","HACIENDA YLANG YLANG VERACRUZ, MX","2017-09-04","1.09","80","90","73"
"MXM00076692","HACIENDA YLANG YLANG VERACRUZ, MX","2017-09-05","0.09","81","89","73"
"MXM00076692","HACIENDA YLANG YLANG VERACRUZ, MX","2017-09-06","0.00","82","89","76"
"MXM00076692","HACIENDA YLANG YLANG VERACRUZ, MX","2017-09-07","0.09","82","89","76"
"MXM00076692","HACIENDA YLANG YLANG VERACRUZ, MX","2017-09-08","0.00","81",,
"MXM00076692","HACIENDA YLANG YLANG VERACRUZ, MX","2017-09-09","0.22","81",,
"MXM00076692","HACIENDA YLANG YLANG VERACRUZ, MX","2017-09-10","0.19","82","88","75"
"MXM00076692","HACIENDA YLANG YLANG VERACRUZ, MX","2017-09-11","0.13","81","88","74"
"MXM00076692","HACIENDA YLANG YLANG VERACRUZ, MX","2017-09-12","0.00","82",,
"MXM00076692","HACIENDA YLANG YLANG VERACRUZ, MX","2017-09-13",,"81",,
"MXM00076692","HACIENDA YLANG YLANG VERACRUZ, MX","2017-09-14","0.00","83","89","77"
"MXM00076692","HACIENDA YLANG YLANG VERACRUZ, MX","2017-09-15",,"85",,
"MXM00076692","HACIENDA YLANG YLANG VERACRUZ, MX","2017-09-16",,"83",,
"MXM00076692","HACIENDA YLANG YLANG VERACRUZ, MX","2017-09-17",,"84",,
"MXM00076692","HACIENDA YLANG YLANG VERACRUZ, MX","2017-09-18","0.06","84","92","75"
"MXM00076692","HACIENDA YLANG YLANG VERACRUZ, MX","2017-09-19","0.44","85","91","75"
"MXM00076692","HACIENDA YLANG YLANG VERACRUZ, MX","2017-09-20","0.00","86","90","80"
"MXM00076692","HACIENDA YLANG YLANG VERACRUZ, MX","2017-09-21","0.94","84","90","73"
"MXM00076692","HACIENDA YLANG YLANG VERACRUZ, MX","2017-09-22","0.07","84","90","79"
"MXM00076692","HACIENDA YLANG YLANG VERACRUZ, MX","2017-09-23","4.49","83","91","76"
"MXM00076692","HACIENDA YLANG YLANG VERACRUZ, MX","2017-09-24","0.71","85",,
"MXM00076692","HACIENDA YLANG YLANG VERACRUZ, MX","2017-09-25","0.00","85","93","72"
"MXM00076692","HACIENDA YLANG YLANG VERACRUZ, MX","2017-09-26","0.04","85","90","77"
"MXM00076692","HACIENDA YLANG YLANG VERACRUZ, MX","2017-09-27","0.66","83","92","77"
"MXM00076692","HACIENDA YLANG YLANG VERACRUZ, MX","2017-09-28","0.14","81","90","77"
"MXM00076692","HACIENDA YLANG YLANG VERACRUZ, MX","2017-09-29","1.43","81","86","74"
"MXM00076692","HACIENDA YLANG YLANG VERACRUZ, MX","2017-09-30","0.06","81","85","76"
"MXM00076692","HACIENDA YLANG YLANG VERACRUZ, MX","2017-10-01","0.33","81","86","76"
"MXM00076692","HACIENDA YLANG YLANG VERACRUZ, MX","2017-10-02","1.25","81","87","73"
"MXM00076692","HACIENDA YLANG YLANG VERACRUZ, MX","2017-10-03","0.03","82","88","73"
"MXM00076692","HACIENDA YLANG YLANG VERACRUZ, MX","2017-10-04","0.60","81",,
"MXM00076692","HACIENDA YLANG YLANG VERACRUZ, MX","2017-10-05","1.74","83","87","75"
"MXM00076692","HACIENDA YLANG YLANG VERACRUZ, MX","2017-10-06","0.22","82","88","74"
"MXM00076692","HACIENDA YLANG YLANG VERACRUZ, MX","2017-10-07","0.00","83",,
"MXM00076692","HACIENDA YLANG YLANG VERACRUZ, MX","2017-10-08",,"83","91","75"
"MXM00076692","HACIENDA YLANG YLANG VERACRUZ, MX","2017-10-09",,"84",,
"MXM00076692","HACIENDA YLANG YLANG VERACRUZ, MX","2017-10-10",,"83","89","73"
"MXM00076692","HACIENDA YLANG YLANG VERACRUZ, MX","2017-10-11",,"81","91","73"
"MXM00076692","HACIENDA YLANG YLANG VERACRUZ, MX","2017-10-12",,"79","85","74"
"MXM00076692","HACIENDA YLANG YLANG VERACRUZ, MX","2017-10-13",,"80","85","76"
"MXM00076692","HACIENDA YLANG YLANG VERACRUZ, MX","2017-10-14",,"81","88","76"
"MXM00076692","HACIENDA YLANG YLANG VERACRUZ, MX","2017-10-15",,"82",,
"MXM00076692","HACIENDA YLANG YLANG VERACRUZ, MX","2017-10-16","0.18","82","89","75"
"MXM00076692","HACIENDA YLANG YLANG VERACRUZ, MX","2017-10-17",,"80","92","74"
"MXM00076692","HACIENDA YLANG YLANG VERACRUZ, MX","2017-10-18",,"81",,
"MXM00076692","HACIENDA YLANG YLANG VERACRUZ, MX","2017-10-19",,"80",,
"MXM00076692","HACIENDA YLANG YLANG VERACRUZ, MX","2017-10-20",,"81",,
"MXM00076692","HACIENDA YLANG YLANG VERACRUZ, MX","2017-10-21",,"81",,
"MXM00076692","HACIENDA YLANG YLANG VERACRUZ, MX","2017-10-22",,"83",,
"MXM00076692","HACIENDA YLANG YLANG VERACRUZ, MX","2017-10-23","0.10","82","90","75"
"MXM00076692","HACIENDA YLANG YLANG VERACRUZ, MX","2017-10-24","2.56","79","87","73"
"MXM00076692","HACIENDA YLANG YLANG VERACRUZ, MX","2017-10-25","0.00","80","86","73"
"MXM00076692","HACIENDA YLANG YLANG VERACRUZ, MX","2017-10-26",,"76",,
"MXM00076692","HACIENDA YLANG YLANG VERACRUZ, MX","2017-10-27",,"76",,
"MXM00076692","HACIENDA YLANG YLANG VERACRUZ, MX","2017-10-28",,"78",,
"MXM00076692","HACIENDA YLANG YLANG VERACRUZ, MX","2017-10-29",,"74",,
"MXM00076692","HACIENDA YLANG YLANG VERACRUZ, MX","2017-10-30","0.00","75",,
"MXM00076692","HACIENDA YLANG YLANG VERACRUZ, MX","2017-10-31",,"79",,
"MXM00076692","HACIENDA YLANG YLANG VERACRUZ, MX","2017-11-01",,"79",,
"MXM00076692","HACIENDA YLANG YLANG VERACRUZ, MX","2017-11-02",,"80",,
"MXM00076692","HACIENDA YLANG YLANG VERACRUZ, MX","2017-11-03",,"81",,
"MXM00076692","HACIENDA YLANG YLANG VERACRUZ, MX","2017-11-04",,"81",,
"MXM00076692","HACIENDA YLANG YLANG VERACRUZ, MX","2017-11-05",,"80",,
"MXM00076692","HACIENDA YLANG YLANG VERACRUZ, MX","2017-11-06","0.00","78","86","70"
"MXM00076692","HACIENDA YLANG YLANG VERACRUZ, MX","2017-11-07","0.00","78","86","70"
"MXM00076692","HACIENDA YLANG YLANG VERACRUZ, MX","2017-11-08","0.00","78","89","69"
"MXM00076692","HACIENDA YLANG YLANG VERACRUZ, MX","2017-11-09","0.17","79","86","72"
"MXM00076692","HACIENDA YLANG YLANG VERACRUZ, MX","2017-11-10","2.49","76","86","71"
"MXM00076692","HACIENDA YLANG YLANG VERACRUZ, MX","2017-11-11","0.00","77",,
"MXM00076692","HACIENDA YLANG YLANG VERACRUZ, MX","2017-11-12",,"79","86","69"
"MXM00076692","HACIENDA YLANG YLANG VERACRUZ, MX","2017-11-13","0.33","80","85","71"
"MXM00076692","HACIENDA YLANG YLANG VERACRUZ, MX","2017-11-14","0.00","78",,
"MXM00076692","HACIENDA YLANG YLANG VERACRUZ, MX","2017-11-15","0.00","79","85","72"
"MXM00076692","HACIENDA YLANG YLANG VERACRUZ, MX","2017-11-16",,"79",,
"MXM00076692","HACIENDA YLANG YLANG VERACRUZ, MX","2017-11-17",,"80","85","73"
"MXM00076692","HACIENDA YLANG YLANG VERACRUZ, MX","2017-11-18",,"79",,
"MXM00076692","HACIENDA YLANG YLANG VERACRUZ, MX","2017-11-19","0.03","79","87","71"
"MXM00076692","HACIENDA YLANG YLANG VERACRUZ, MX","2017-11-20","0.00","73",,
"MXM00076692","HACIENDA YLANG YLANG VERACRUZ, MX","2017-11-21","0.00","72","82","65"
"MXM00076692","HACIENDA YLANG YLANG VERACRUZ, MX","2017-11-22",,"78",,
"MXM00076692","HACIENDA YLANG YLANG VERACRUZ, MX","2017-11-23","0.01","76","84","70"
"MXM00076692","HACIENDA YLANG YLANG VERACRUZ, MX","2017-11-24","0.00","73",,
"MXM00076692","HACIENDA YLANG YLANG VERACRUZ, MX","2017-11-25","0.00","73","81","63"
"MXM00076692","HACIENDA YLANG YLANG VERACRUZ, MX","2017-11-26",,"76",,
"MXM00076692","HACIENDA YLANG YLANG VERACRUZ, MX","2017-11-27","0.17","75","84","68"
"MXM00076692","HACIENDA YLANG YLANG VERACRUZ, MX","2017-11-28","0.00","74","82","66"
"MXM00076692","HACIENDA YLANG YLANG VERACRUZ, MX","2017-11-29",,"75",,
"MXM00076692","HACIENDA YLANG YLANG VERACRUZ, MX","2017-11-30",,"75",,
"MXM00076692","HACIENDA YLANG YLANG VERACRUZ, MX","2017-12-01","0.00","74","83","65"
"MXM00076692","HACIENDA YLANG YLANG VERACRUZ, MX","2017-12-02","0.07","75","85","66"
"MXM00076692","HACIENDA YLANG YLANG VERACRUZ, MX","2017-12-03","0.00","76","85","68"
"MXM00076692","HACIENDA YLANG YLANG VERACRUZ, MX","2017-12-04","0.32","75","83","66"
"MXM00076692","HACIENDA YLANG YLANG VERACRUZ, MX","2017-12-05","0.00","78","88","66"
"MXM00076692","HACIENDA YLANG YLANG VERACRUZ, MX","2017-12-06","0.00","78","88","69"
"MXM00076692","HACIENDA YLANG YLANG VERACRUZ, MX","2017-12-07","0.00","76",,
"MXM00076692","HACIENDA YLANG YLANG VERACRUZ, MX","2017-12-08","0.02","67",,
"MXM00076692","HACIENDA YLANG YLANG VERACRUZ, MX","2017-12-09","0.00","62","71","56"
"MXM00076692","HACIENDA YLANG YLANG VERACRUZ, MX","2017-12-10","0.00","65","77","54"
"MXM00076692","HACIENDA YLANG YLANG VERACRUZ, MX","2017-12-11","0.00","66","77","54"
"MXM00076692","HACIENDA YLANG YLANG VERACRUZ, MX","2017-12-12","0.00","69","78","56"
"MXM00076692","HACIENDA YLANG YLANG VERACRUZ, MX","2017-12-13",,"70",,
"MXM00076692","HACIENDA YLANG YLANG VERACRUZ, MX","2017-12-14","0.00","69","79","60"
"MXM00076692","HACIENDA YLANG YLANG VERACRUZ, MX","2017-12-15","0.00","71","78","60"
"MXM00076692","HACIENDA YLANG YLANG VERACRUZ, MX","2017-12-16","0.00","71","80","64"
"MXM00076692","HACIENDA YLANG YLANG VERACRUZ, MX","2017-12-17","0.00","70","77","65"
"MXM00076692","HACIENDA YLANG YLANG VERACRUZ, MX","2017-12-18","0.00","73",,
"MXM00076692","HACIENDA YLANG YLANG VERACRUZ, MX","2017-12-19","0.02","75","83","67"
"MXM00076692","HACIENDA YLANG YLANG VERACRUZ, MX","2017-12-20","0.00","76","83","68"
"MXM00076692","HACIENDA YLANG YLANG VERACRUZ, MX","2017-12-21","0.00","78","84","68"
"MXM00076692","HACIENDA YLANG YLANG VERACRUZ, MX","2017-12-22","0.00","77","86","70"
"MXM00076692","HACIENDA YLANG YLANG VERACRUZ, MX","2017-12-23","0.00","77","86","71"
"MXM00076692","HACIENDA YLANG YLANG VERACRUZ, MX","2017-12-24","0.00","74","84","71"
"MXM00076692","HACIENDA YLANG YLANG VERACRUZ, MX","2017-12-25","0.00","76","83","71"
"MXM00076692","HACIENDA YLANG YLANG VERACRUZ, MX","2017-12-26","0.00","74","83","66"
"MXM00076692","HACIENDA YLANG YLANG VERACRUZ, MX","2017-12-27","0.00","74","82","66"
"MXM00076692","HACIENDA YLANG YLANG VERACRUZ, MX","2017-12-28","0.01","75","80","68"
"MXM00076692","HACIENDA YLANG YLANG VERACRUZ, MX","2017-12-29","1.34","72","80","65"
"MXM00076692","HACIENDA YLANG YLANG VERACRUZ, MX","2017-12-30","0.00","71","80","64"
"MXM00076692","HACIENDA YLANG YLANG VERACRUZ, MX","2017-12-31","0.00","73","80","64"
"MXM00076692","HACIENDA YLANG YLANG VERACRUZ, MX","2018-01-01","0.00","75","82","65"
"MXM00076692","HACIENDA YLANG YLANG VERACRUZ, MX","2018-01-02","0.10","70","77","67"
"MXM00076692","HACIENDA YLANG YLANG VERACRUZ, MX","2018-01-03","0.00","68","73","67"
"MXM00076692","HACIENDA YLANG YLANG VERACRUZ, MX","2018-01-04","0.00","65","71","60"
"MXM00076692","HACIENDA YLANG YLANG VERACRUZ, MX","2018-01-05","0.00","66","73","59"
"MXM00076692","HACIENDA YLANG YLANG VERACRUZ, MX","2018-01-06","0.00","70","75","59"
"MXM00076692","HACIENDA YLANG YLANG VERACRUZ, MX","2018-01-07","0.00","72","81","64"
"MXM00076692","HACIENDA YLANG YLANG VERACRUZ, MX","2018-01-08","0.00","71","81","61"
"MXM00076692","HACIENDA YLANG YLANG VERACRUZ, MX","2018-01-09","0.00","73","81","61"
"MXM00076692","HACIENDA YLANG YLANG VERACRUZ, MX","2018-01-10","0.00","71","80","63"
"MXM00076692","HACIENDA YLANG YLANG VERACRUZ, MX","2018-01-11","0.00","73",,
"MXM00076692","HACIENDA YLANG YLANG VERACRUZ, MX","2018-01-12","0.00","75","87","61"
"MXM00076692","HACIENDA YLANG YLANG VERACRUZ, MX","2018-01-13","0.00","69","77","63"
"MXM00076692","HACIENDA YLANG YLANG VERACRUZ, MX","2018-01-14","0.00","68",,
"MXM00076692","HACIENDA YLANG YLANG VERACRUZ, MX","2018-01-15",,"67","75","62"
"MXM00076692","HACIENDA YLANG YLANG VERACRUZ, MX","2018-01-16",,"71","77","62"
"MXM00076692","HACIENDA YLANG YLANG VERACRUZ, MX","2018-01-17","0.00","68","80","63"
"MXM00076692","HACIENDA YLANG YLANG VERACRUZ, MX","2018-01-18","0.01","63","71","59"
"MXM00076692","HACIENDA YLANG YLANG VERACRUZ, MX","2018-01-19","0.00","66","72","59"
"MXM00076692","HACIENDA YLANG YLANG VERACRUZ, MX","2018-01-20","0.00","69","79","62"
"MXM00076692","HACIENDA YLANG YLANG VERACRUZ, MX","2018-01-21","0.00","73","80","62"
"MXM00076692","HACIENDA YLANG YLANG VERACRUZ, MX","2018-01-22","0.00","74","82","63"
"MXM00076692","HACIENDA YLANG YLANG VERACRUZ, MX","2018-01-23","0.00","75","81","70"
"MXM00076692","HACIENDA YLANG YLANG VERACRUZ, MX","2018-01-24","0.00","72","80","69"
"MXM00076692","HACIENDA YLANG YLANG VERACRUZ, MX","2018-01-25",,"68",,
"MXM00076692","HACIENDA YLANG YLANG VERACRUZ, MX","2018-01-26",,"69",,
"MXM00076692","HACIENDA YLANG YLANG VERACRUZ, MX","2018-01-27","0.00","71","81","65"
"MXM00076692","HACIENDA YLANG YLANG VERACRUZ, MX","2018-01-28","0.00","74","81","65"
"MXM00076692","HACIENDA YLANG YLANG VERACRUZ, MX","2018-01-29","0.00","71",,
"MXM00076692","HACIENDA YLANG YLANG VERACRUZ, MX","2018-01-30","0.23","69","75","67"
"MXM00076692","HACIENDA YLANG YLANG VERACRUZ, MX","2018-01-31","0.00","68","74","61"
"MXM00076692","HACIENDA YLANG YLANG VERACRUZ, MX","2018-02-01","0.00","68","76","59"
"MXM00076692","HACIENDA YLANG YLANG VERACRUZ, MX","2018-02-02","0.00","71","78","59"
"MXM00076692","HACIENDA YLANG YLANG VERACRUZ, MX","2018-02-03","0.00","73","80","66"
"MXM00076692","HACIENDA YLANG YLANG VERACRUZ, MX","2018-02-04","0.00","72","80","67"
"MXM00076692","HACIENDA YLANG YLANG VERACRUZ, MX","2018-02-05","0.00","74","81","67"
"MXM00076692","HACIENDA YLANG YLANG VERACRUZ, MX","2018-02-06","0.00","75","82","68"
"MXM00076692","HACIENDA YLANG YLANG VERACRUZ, MX","2018-02-07","0.00","76","82","68"
"MXM00076692","HACIENDA YLANG YLANG VERACRUZ, MX","2018-02-08","0.00","73",,
"MXM00076692","HACIENDA YLANG YLANG VERACRUZ, MX","2018-02-09","0.46","68",,
"MXM00076692","HACIENDA YLANG YLANG VERACRUZ, MX","2018-02-10",,"71","80","64"
"MXM00076692","HACIENDA YLANG YLANG VERACRUZ, MX","2018-02-11","0.00","75","84","66"
"MXM00076692","HACIENDA YLANG YLANG VERACRUZ, MX","2018-02-12","0.00","74","84","69"
"MXM00076692","HACIENDA YLANG YLANG VERACRUZ, MX","2018-02-13","0.00","69","76","67"
"MXM00076692","HACIENDA YLANG YLANG VERACRUZ, MX","2018-02-14","0.00","72","77","67"
"MXM00076692","HACIENDA YLANG YLANG VERACRUZ, MX","2018-02-15","0.18","73","80","67"
"MXM00076692","HACIENDA YLANG YLANG VERACRUZ, MX","2018-02-16","0.00","73","83","66"
"MXM00076692","HACIENDA YLANG YLANG VERACRUZ, MX","2018-02-17","0.00","75","83","66"
"MXM00076692","HACIENDA YLANG YLANG VERACRUZ, MX","2018-02-18","0.00","76","83","71"
"MXM00076692","HACIENDA YLANG YLANG VERACRUZ, MX","2018-02-19","0.00","76","83","72"
"MXM00076692","HACIENDA YLANG YLANG VERACRUZ, MX","2018-02-20","0.00","77",,
"MXM00076692","HACIENDA YLANG YLANG VERACRUZ, MX","2018-02-21","0.00","77","85","72"
"MXM00076692","HACIENDA YLANG YLANG VERACRUZ, MX","2018-02-22","0.00","78","85","72"
"MXM00076692","HACIENDA YLANG YLANG VERACRUZ, MX","2018-02-23","0.00","78","84","74"
"MXM00076692","HACIENDA YLANG YLANG VERACRUZ, MX","2018-02-24","0.00","77","84","71"
"MXM00076692","HACIENDA YLANG YLANG VERACRUZ, MX","2018-02-26","0.00","79","86","73"
